グループ10②_1_3,ｴﾅﾗﾌﾟﾘﾙﾏﾚｲﾝ酸塩錠10mg｢TCK｣
グループ10①_1_2,ATP腸溶錠20mg｢AFP｣
グループ4⑦_2_9,ｱﾑﾛｼﾞﾋﾟﾝOD錠5mg｢杏林｣
グループ1⑦_1_12,ｴｽﾜﾝﾀｲﾎｳ配合OD錠T20
グループ9⑨_2_5,ｴｸﾒｯﾄ配合錠LD
グループ8⑤_2_2,ｱﾌﾛｸｱﾛﾝ錠20mg｢ｻﾜｲ｣
グループ14④_1_3,ｾﾝﾉｼﾄﾞ錠12mg｢ｻﾝﾄﾞ｣
グループ14①_2_2,ｸﾞﾘﾒﾋﾟﾘﾄﾞ錠1mg｢ﾄｰﾜ｣
グループ13⑥_1_3,ｸﾛﾋﾟﾄﾞｸﾞﾚﾙ錠75mg｢ｻﾜｲ｣
グループ13⑩_1_6,ｸﾞﾘﾍﾞﾝｸﾗﾐﾄﾞ錠1.25mg｢武田ﾃﾊﾞ｣
グループ10⑩_2_3,ｿﾌｨｱC配合錠
グループ13⑥_1_5,ｸﾛﾋﾟﾄﾞｸﾞﾚﾙ錠75mg｢ｹﾐﾌｧ｣
グループ7⑨_2_8,ｱﾑﾛｼﾞﾋﾟﾝOD錠「ｻﾜｲ」5mg
グループ7④_1_5,ｱﾑﾛｼﾞﾝOD錠2.5mg
グループ3⑦_1_11,ｱﾝﾌﾞﾛｷｿｰﾙ塩酸塩錠15mg｢ZE｣
グループ6②_1_3,ｵﾙﾒｻﾙﾀﾝOD錠20mg｢DSEP｣
グループ7⑨_2_0,ｱﾛﾁﾉﾛｰﾙ塩酸塩錠5｢DSP｣
グループ13⑤_2_5,ｸﾞｰﾌｨｽ錠5mg
グループ9⑥_1_0,ｴﾙﾃﾞｶﾙｼﾄｰﾙｶﾌﾟｾﾙ0.75μg｢ｻﾜｲ｣
グループ6⑧_2_4,ｵﾒﾌﾟﾗｿﾞｰﾙ錠10｢SW｣ 10mg
グループ1⑨_2_3,ｴﾁｿﾞﾗﾑ錠0.5mg「EMEC」
グループ2③_2_3,ｴﾝﾃｶﾋﾞﾙ錠0.5mg「EE」
グループ6⑦_2_15,ｱｽﾞﾉｰﾙ錠2mg
グループ11⑩_2_0,ｶﾝﾃﾞｻﾙﾀﾝ錠2mg｢ｻﾜｲ｣
グループ14⑥_1_6,ｸﾞﾘｸﾗｼﾞﾄﾞ錠40mg｢ｻﾜｲ｣
グループ5⑤_1_1,ｲﾙﾍﾞｻﾙﾀﾝ錠200mg｢JG｣
グループ3③_2_3,ｱｷﾈﾄﾝ錠1mg
グループ5⑥_2_4,ｵﾛﾊﾟﾀｼﾞﾝ塩酸塩錠2.5mg「NPI」
グループ13③_2_2,ｸﾞｰﾌｨｽ錠5mg
グループ13⑩_1_4,ｸﾞﾘﾐｸﾛﾝHA錠20mg
グループ2⑦_1_4,ｲﾐﾀﾞﾌﾟﾘﾙ塩酸塩錠5mg｢ｻﾜｲ｣,ｲﾐﾀﾞﾌﾟﾘﾙ塩酸塩錠5mg｢ｹﾐﾌｧ｣
グループ9⑧_1_1,ｱﾑﾛｼﾞﾋﾟﾝOD錠10mg｢武田ﾃﾊﾞ｣
グループ8⑩_2_3,ｱﾑﾛｼﾞﾋﾟﾝOD錠5mg｢ﾌｧｲｻﾞｰ｣
グループ9①_1_3,ｱｾﾄｱﾐﾉﾌｪﾝ錠200mg｢ﾃﾊﾞ｣
グループ9⑧_1_4,ｱﾑﾛｼﾞﾋﾟﾝOD錠10mg｢武田ﾃﾊﾞ｣
グループ13①_1_2,ｸﾛﾋﾟﾄﾞｸﾞﾚﾙ錠75mg｢ｹﾐﾌｧ｣,ｸﾛﾋﾟﾄﾞｸﾞﾚﾙ錠75mg｢ｹﾐﾌｧ｣
グループ3⑪_1_9,ｱﾃﾉﾛｰﾙ錠25mg｢日新｣
グループ14⑥_1_2,ｸﾞﾘﾒﾋﾟﾘﾄﾞ錠1mg｢ﾄｰﾜ｣
グループ14⑩_2_5,ｾﾌｼﾞﾄﾚﾝﾋﾟﾎﾞｷｼﾙ錠100mg｢ﾄｰﾜ｣
グループ9⑧_1_2,ｴﾝﾃｶﾋﾞﾙ錠0.5mg「ﾀｶﾀ」
グループ1③_1_2,ｴﾅﾗﾌﾟﾘﾙﾏﾚｲﾝ酸塩錠2.5mg｢ﾄｰﾜ｣  
グループ9⑦_2_14,ｴｸﾒｯﾄ配合錠LD
グループ3⑦_2_8,ｱﾑﾛｼﾞﾋﾟﾝ錠2.5mg｢ｻﾝﾄﾞ｣
グループ14④_1_4,ｾﾁﾛ配合錠
グループ11⑧_2_1,ｶﾙｼﾄﾘｵｰﾙｶﾌﾟｾﾙ0.5μg｢ﾄｰﾜ｣
グループ13⑦_2_3,ｸｴﾁｱﾋﾟﾝ錠100mg｢ｻﾜｲ｣
グループ11⑨_1_6,ｶﾙﾍﾞｼﾞﾛｰﾙ錠10mg｢ｻﾜｲ｣
グループ4⑤_1_4,ｱﾄﾙﾊﾞｽﾀﾁﾝ錠10mg｢ｻﾝﾄﾞ｣
グループ11②_1_4,ｶﾙﾌﾞﾛｯｸ錠8mg
グループ5⑧_2_3,ｵｷｻﾄﾐﾄﾞ錠30mg｢CH｣
グループ9⑦_1_9,ｴﾊﾟﾗｶﾌﾟｾﾙ300
グループ1⑤_1_3,ｴﾅﾗﾌﾟﾘﾙﾏﾚｲﾝ酸塩錠2.5mg｢TCK｣
グループ4⑨_2_2,ｲｰｹﾌﾟﾗ錠250mg
グループ12⑨_2_6,ｼﾒﾁｼﾞﾝ錠400mg｢TCK｣
グループ11⑤_2_2,ｶﾙﾍﾞｼﾞﾛｰﾙ錠1.25mg｢ｻﾜｲ｣
グループ14④_2_2,ｾﾝﾅﾘﾄﾞ錠12mg
グループ11①_2_0,ｿﾞﾃﾋﾟﾝ錠50mg｢ﾖｼﾄﾐ｣
グループ7⑪_2_0,ｱｼﾞﾙﾊﾞ錠20mg
グループ13⑤_2_4,ｸﾞﾘﾒﾋﾟﾘﾄﾞ錠1mg｢杏林｣
グループ11⑤_2_3,ｶﾑｼｱ配合錠LD「ﾄｰﾜ」
グループ3③_2_2,ｱｼﾞﾚｸﾄ錠0.5mg
グループ2⑥_2_2,ｲﾐﾀﾞﾌﾟﾘﾙ塩酸塩錠5mg｢ｵｰﾊﾗ｣,ｲﾐﾀﾞﾌﾟﾘﾙ塩酸塩錠5mg｢ｵｰﾊﾗ｣
グループ12⑧_2_0,ｼﾞﾋﾟﾘﾀﾞﾓｰﾙ錠12.5mg｢JG｣
グループ1③_2_0,ｴﾍﾟﾘｿﾞﾝ塩酸塩錠50mg｢ﾄｰﾜ｣
グループ10①_1_4,ｴﾋﾞﾘﾌｧｲ錠1mg
グループ3⑦_1_2,ｱﾑﾛｼﾞﾋﾟﾝ錠2.5mg｢ｻﾝﾄﾞ｣
グループ7⑪_2_4,ｱﾛﾁﾉﾛｰﾙ塩酸塩錠5｢DSP｣
グループ11⑥_2_1,ｿﾞﾆｻﾐﾄﾞ錠100mg｢ｱﾒﾙ｣,ｿﾞﾃﾋﾟﾝ錠50mg｢ﾖｼﾄﾐ｣,ATP腸溶錠20mg｢AFP｣
グループ14⑥_2_7,ｸﾞﾘﾒﾋﾟﾘﾄﾞ錠1mg｢ﾀﾅﾍﾞ｣
グループ2⑧_2_6,ｵﾛﾊﾟﾀｼﾞﾝ塩酸塩錠5mg「NPI」
グループ9⑧_1_7,ｱｾﾄｱﾐﾉﾌｪﾝ錠200mg｢ﾃﾊﾞ｣
グループ13③_1_4,ｸｴﾁｱﾋﾟﾝ錠100mg｢ｻﾜｲ｣
グループ2⑧_1_6,ｲﾐﾀﾞﾌﾟﾘﾙ塩酸塩錠5mg｢ｵｰﾊﾗ｣,ｲﾐﾀﾞﾌﾟﾘﾙ塩酸塩錠5mg｢ｵｰﾊﾗ｣
グループ7⑪_1_5,ｱｼﾞﾙﾊﾞ錠20mg
グループ14⑨_1_4,ｾﾞｽﾄﾘﾙ錠10
グループ14⑥_1_5,ｾﾞｽﾄﾘﾙ錠10
グループ13③_1_2,ｸﾞｰﾌｨｽ錠5mg
グループ13⑨_1_5,ｸﾛﾋﾟﾄﾞｸﾞﾚﾙ錠75mg｢ｻﾜｲ｣,ｸﾛﾋﾟﾄﾞｸﾞﾚﾙ錠75mg｢ｻﾜｲ｣
グループ8⑥_2_2,ｱﾄﾙﾊﾞｽﾀﾁﾝ錠10mg「Me」
グループ1⑩_1_0,ｴﾎﾁｰﾙ錠5mg
グループ1⑦_2_8,ｴｽﾜﾝﾀｲﾎｳ配合OD錠T20
グループ7⑩_2_5,ｱﾛﾁﾉﾛｰﾙ塩酸塩錠5mg｢ｻﾜｲ｣
グループ9②_1_2,ｴﾝﾃｶﾋﾞﾙ錠0.5mg「ﾄｰﾜ」
グループ3⑦_1_1,ｱﾃﾉﾛｰﾙ錠25mg｢ﾌｧｲｻﾞｰ｣
グループ3⑪_1_8,ｱﾛﾌﾟﾘﾉｰﾙ錠100mg｢杏林｣
グループ9③_2_5,ｴﾝﾃｶﾋﾞﾙ錠0.5mg「ｻﾝﾄﾞ」
グループ3②_1_2,ｱﾝﾌﾞﾛｷｿｰﾙ塩酸塩錠15mg｢ｻﾜｲ｣ 
グループ3⑦_1_5,ｱｷﾈﾄﾝ錠1mg
グループ6⑨_2_2,ｵﾙﾒﾃｯｸOD錠5mg
グループ11⑩_2_6,ｶﾙﾎﾞｼｽﾃｲﾝ錠500mg｢ﾃﾊﾞ｣
グループ13⑦_1_17,ｸﾛﾗﾑﾌｪﾆｺｰﾙ腟錠100mg｢F｣
グループ13⑤_1_3,ｸﾞﾘﾍﾞﾝｸﾗﾐﾄﾞ錠1.25mg｢武田ﾃﾊﾞ｣
グループ9⑨_1_4,ｴﾝﾃｶﾋﾞﾙ錠0.5mg「ﾀｶﾀ」
グループ6⑧_2_2,ｵﾙﾒｻﾙﾀﾝOD錠5mg｢日医工｣
グループ14⑦_2_16,ｸﾞﾘｸﾗｼﾞﾄﾞ錠40mg｢ｻﾜｲ｣
グループ4⑦_2_6,ｲﾆｼﾝｸ配合錠
グループ2②_2_0,ｵｰﾈｽSP配合ｶﾌﾟｾﾙ
グループ6⑦_2_8,ｵﾗﾝｻﾞﾋﾟﾝ錠2.5mg｢ｱﾒﾙ｣
グループ10⑦_2_9,ｴﾚﾄﾘﾌﾟﾀﾝ錠20mg｢TCK｣
グループ14⑪_2_5,ｾﾚﾈｰｽ錠0.75mg,ｱｼﾞﾚｸﾄ錠1mg
グループ4⑩_1_5,L-ｱｽﾊﾟﾗｷﾞﾝ酸Ca錠200mg｢ｻﾜｲ｣
グループ10⑤_2_6,ｳﾙｿﾃﾞｵｷｼｺｰﾙ酸錠100mg｢ｻﾜｲ｣
グループ9⑧_2_2,ｱﾒｼﾞﾆｳﾑﾒﾁﾙ硫酸塩錠10mg｢ﾄｰﾜ｣
グループ11⑦_2_9,ｶﾙﾌｨｰﾅ錠0.5μg(ﾏﾙﾎ)
グループ7⑥_1_5,ｱﾛﾌﾟﾘﾉｰﾙ錠100mg｢ﾀﾅﾍﾞ｣,ｱﾛﾌﾟﾘﾉｰﾙ錠100mg｢ﾃﾊﾞ｣,ｱｼﾞﾚｸﾄ錠1mg
グループ2⑤_2_1,ｵｰﾈｽSP配合ｶﾌﾟｾﾙ
グループ11④_2_1,ｶﾙﾎﾞｼｽﾃｲﾝ錠500mg｢ﾃﾊﾞ｣
グループ7②_1_3,ｱﾛﾌﾟﾘﾉｰﾙ錠100mg｢ﾀﾅﾍﾞ｣
グループ10⑩_1_0,ｿﾞﾋﾟｸﾛﾝ錠7.5mg｢杏林｣
グループ4⑪_1_6,ｱﾛﾌﾟﾘﾉｰﾙ錠100mg｢DSP｣
グループ13⑤_1_0,ｸﾞﾘﾒﾋﾟﾘﾄﾞ錠0.5mg｢ｻﾝﾄﾞ｣
グループ11⑩_1_3,ｶﾙﾎﾞｼｽﾃｲﾝ錠500mg｢ﾃﾊﾞ｣
グループ10⑦_2_15,ｿﾌｨｱC配合錠
グループ4⑦_2_14,ｱｶﾙﾎﾞｰｽOD錠50mg｢ﾌｧｲｻﾞｰ｣
グループ12⑦_1_0,ｼﾞﾋﾟﾘﾀﾞﾓｰﾙ錠25mg｢JG｣
グループ1⑦_2_14,ｴﾄﾄﾞﾗｸ錠200mg「日医工」
グループ6①_2_0,ｵﾙﾒｻﾙﾀﾝ錠40mg「ﾆﾌﾟﾛ」
グループ13①_2_0,ｸﾛﾌｨﾌﾞﾗｰﾄｶﾌﾟｾﾙ250mg｢ﾂﾙﾊﾗ｣,ｸﾛﾌｨﾌﾞﾗｰﾄｶﾌﾟｾﾙ250mg｢ﾂﾙﾊﾗ｣
グループ1⑧_1_1,ｴﾍﾟﾘｿﾞﾝ塩酸塩錠50mg｢ﾄｰﾜ｣
グループ2⑦_1_5,ｵｰﾈｽSP配合ｶﾌﾟｾﾙ
グループ2⑧_1_4,ｵﾛﾊﾟﾀｼﾞﾝ塩酸塩錠5mg「NPI」
グループ1⑦_2_0,ｴﾊﾞﾐｰﾙ錠1.0
グループ6⑦_1_10,ｱﾓｷｼｼﾘﾝｶﾌﾟｾﾙ250mg｢日医工｣
グループ13⑧_1_6,ｸﾛﾋﾟﾄﾞｸﾞﾚﾙ錠75mg｢ｻﾜｲ｣,ｸﾛﾋﾟﾄﾞｸﾞﾚﾙ錠75mg｢ｻﾜｲ｣
グループ3⑨_1_6,ｱﾝﾌﾞﾛｷｿｰﾙ塩酸塩錠15mg｢ｻﾜｲ｣ 
グループ12⑨_1_1,ｼﾙﾆｼﾞﾋﾟﾝ錠20mg｢ｻﾜｲ｣
グループ10③_2_3,ｴﾝﾃｶﾋﾞﾙ錠0.5mg「武田ﾃﾊﾞ」
グループ4⑪_2_5,ｱﾛﾌﾟﾘﾉｰﾙ錠100mg｢DSP｣
グループ5⑦_2_1,ｵﾙｹﾃﾞｨｱ錠1mg
グループ3⑤_2_7,ｵﾛﾊﾟﾀｼﾞﾝ塩酸塩錠5mg｢YD｣
グループ2⑦_2_1,硝酸ｲｿｿﾙﾋﾞﾄﾞ徐放ｶﾌﾟｾﾙ20mg｢St｣
グループ4⑤_1_7,ｱﾛﾌﾟﾘﾉｰﾙ錠100mg｢DSP｣
グループ13⑨_1_8,ｸﾘｱﾐﾝ配合錠A1.0
グループ12④_2_1,ｼﾛｽﾀｿﾞｰﾙ錠50mg｢JG｣
グループ2⑩_1_0,硝酸ｲｿｿﾙﾋﾞﾄﾞ徐放ｶﾌﾟｾﾙ20mg｢St｣
グループ3①_1_0,ｱﾛﾌﾟﾘﾉｰﾙ錠100mg｢杏林｣
グループ1⑧_1_2,ｴﾍﾟﾘｿﾞﾝ塩酸塩錠50mg｢ﾄｰﾜ｣
グループ14⑦_1_2,ｾﾚﾈｰｽ錠3mg
グループ10⑤_2_7,ｿﾞﾃﾋﾟﾝ錠100mg｢ﾀｶﾀ｣
グループ5⑤_2_4,ｲﾌｪﾝﾌﾟﾛｼﾞﾙ酒石酸塩錠20mg｢あすか｣
グループ3⑦_2_13,ｱﾛﾌﾟﾘﾉｰﾙ錠100mg｢杏林｣
グループ2④_2_2,ｲﾐﾀﾞﾌﾟﾘﾙ塩酸塩錠5mg｢ｻﾜｲ｣
グループ12⑨_2_2,ｼﾙﾆｼﾞﾋﾟﾝ錠20mg｢ｻﾜｲ｣
グループ4⑤_2_1,ｱﾚﾋﾞｱﾁﾝ錠100mg
グループ14⑥_1_0,ｾﾛｹﾝL錠120mg
グループ14⑤_2_7,ｾﾘﾌﾟﾛﾛｰﾙ塩酸塩錠200mg｢ﾄｰﾜ｣
グループ6⑪_1_0,ｱｽﾍﾞﾘﾝ錠20
グループ3⑦_1_15,ﾑｺﾌﾞﾘﾝ錠15mg
グループ1⑦_1_10,ｴﾚﾄﾘﾌﾟﾀﾝ錠20mg｢ﾄｰﾜ｣
グループ7①_1_1,ｱﾑﾛｼﾞﾋﾟﾝOD錠2.5mg｢武田ﾃﾊﾞ｣
グループ10⑤_2_8,ｿﾞﾃﾋﾟﾝ錠100mg｢ﾀｶﾀ｣
グループ6⑥_1_5,ｱｽﾍﾞﾘﾝ錠20
グループ11⑤_1_5,ｶﾑｼｱ配合錠LD「ﾄｰﾜ」
グループ10⑧_1_1,ｴﾋﾞﾘﾌｧｲ錠3mg
グループ2①_2_2,ｲﾝｳﾞｪｶﾞ錠6mg
グループ14⑦_1_8,ｾﾘﾝｸﾛ錠10mg
グループ13①_1_3,ｼﾝﾊﾞｽﾀﾁﾝ錠10mg｢武田ﾃﾊﾞ｣
グループ2⑩_1_5,ｳﾙｿﾃﾞｵｷｼｺｰﾙ酸錠100mg｢JG｣
グループ10⑨_1_2,ｴﾚﾄﾘﾌﾟﾀﾝ錠20mg｢TCK｣
グループ13①_1_1,ｸﾗﾘｽﾛﾏｲｼﾝ錠200mg｢CH｣ 
グループ10⑪_1_9,ｿﾞﾃﾋﾟﾝ錠100mg｢ﾀｶﾀ｣
グループ9⑧_2_7,ｱﾑﾛｼﾞﾋﾟﾝOD錠10mg｢武田ﾃﾊﾞ｣
グループ7⑩_2_3,ｱﾄﾙﾊﾞｽﾀﾁﾝ錠5mg｢KN｣
グループ8⑪_1_8,ｱﾙｼﾞｵｷｻ錠100mg｢KN｣
グループ5⑦_1_13,ｵﾒﾌﾟﾗｿﾞｰﾙ腸溶錠10mg｢武田ﾃﾊﾞ｣
グループ2①_2_1,硝酸ｲｿｿﾙﾋﾞﾄﾞ徐放ｶﾌﾟｾﾙ20mg｢St｣
グループ5⑧_1_2,ｲﾌｪﾝﾌﾟﾛｼﾞﾙ酒石酸塩錠20mg｢あすか｣
グループ9⑤_1_1,ｴﾙﾃﾞｶﾙｼﾄｰﾙｶﾌﾟｾﾙ0.75μg｢ｻﾜｲ｣
グループ6⑤_1_4,ｵﾙﾒｻﾙﾀﾝ錠40mg「ﾆﾌﾟﾛ」
グループ12④_2_4,ｼﾞｺﾞｷｼﾝ錠0.125mg｢AFP｣ 
グループ4⑥_2_4,ｱﾝﾌﾞﾛｷｿｰﾙ塩酸塩錠15mg｢ﾄｰﾜ｣
グループ13⑧_1_9,ｸﾛﾗﾑﾌｪﾆｺｰﾙ腟錠100mg｢F｣
グループ9②_2_2,ｴﾝﾃｶﾋﾞﾙ錠0.5mg「ﾄｰﾜ」
グループ13⑧_1_2,ｼﾝﾊﾞｽﾀﾁﾝ錠10mg｢武田ﾃﾊﾞ｣
グループ7②_2_3,ｱﾑﾛｼﾞﾋﾟﾝOD錠「ｻﾜｲ」5mg
グループ14⑩_2_4,ｾﾌｼﾞﾄﾚﾝﾋﾟﾎﾞｷｼﾙ錠100mg｢ﾄｰﾜ｣
グループ13⑨_2_0,ｸﾞﾘﾒﾋﾟﾘﾄﾞ錠1mg｢EMEC｣,ｸﾞﾘﾒﾋﾟﾘﾄﾞ錠1mg｢ﾀﾅﾍﾞ｣
グループ5⑦_1_2,ｵﾗﾝｻﾞﾋﾟﾝ錠1.25mg｢ｱﾒﾙ｣
グループ6⑤_2_5,ｵﾒﾌﾟﾗｿﾞｰﾙ錠10｢SW｣ 10mg
グループ7⑨_1_3,ｱﾛﾌﾟﾘﾉｰﾙ錠100mg｢ﾀﾅﾍﾞ｣
グループ3⑥_1_9,ｱﾑﾊﾞﾛ配合錠｢ｻﾝﾄﾞ｣
グループ3⑨_2_2,ｱｷﾈﾄﾝ錠1mg
グループ8④_1_0,ｱｺﾌｧｲﾄﾞ錠100mg
グループ4②_2_2,ｱﾄﾙﾊﾞｽﾀﾁﾝ錠10mg｢ｻﾝﾄﾞ｣
グループ4④_2_2,ｲｰｹﾌﾟﾗ錠250mg
グループ3④_1_2,ｱﾃﾉﾛｰﾙ錠25mg｢日新｣
グループ13⑧_1_5,ｸﾛﾗﾑﾌｪﾆｺｰﾙ腟錠100mg｢F｣
グループ13⑥_1_9,ｸﾛﾗﾑﾌｪﾆｺｰﾙ腟錠100mg｢F｣
グループ6⑥_1_8,ｱｽﾞﾉｰﾙ錠2mg
グループ3⑤_2_3,ｱﾛﾌﾟﾘﾉｰﾙ錠100mg｢杏林｣
グループ8③_2_4,ｱﾙｼﾞｵｷｻ錠100mg｢KN｣
グループ2②_2_3,ｳﾙｿﾃﾞｵｷｼｺｰﾙ酸錠100mg｢ﾄｰﾜ｣
グループ9⑦_2_7,ｴﾝﾃｶﾋﾞﾙ錠0.5mg「ﾀｶﾀ」
グループ3⑧_2_6,ｱﾛﾌﾟﾘﾉｰﾙ錠100mg｢杏林｣
グループ10⑩_2_0,ｿﾞﾋﾟｸﾛﾝ錠7.5mg｢杏林｣
グループ1⑪_1_9,ｴﾊﾞﾐｰﾙ錠1.0
グループ7⑨_1_1,ｱﾘﾋﾟﾌﾟﾗｿﾞｰﾙ錠3mg｢ﾖｼﾄﾐ｣
グループ12⑤_2_2,ｼﾞｺﾞｷｼﾝ錠0.125mg｢AFP｣ 
グループ7⑪_1_7,ｱﾛﾁﾉﾛｰﾙ塩酸塩錠5｢DSP｣
グループ5⑥_2_1,ｵﾙﾒｻﾙﾀﾝ錠10mg「三和」
グループ9④_2_3,ｴﾝﾃｶﾋﾞﾙ錠0.5mg「ｻﾝﾄﾞ」
グループ6⑥_1_3,ｱﾓｷｼｼﾘﾝｶﾌﾟｾﾙ250mg｢日医工｣
グループ13⑥_2_4,ｸﾗﾘｽﾛﾏｲｼﾝ錠200mg｢CH｣ 
グループ10⑥_1_8,ｴﾍﾟﾘｿﾞﾝ塩酸塩錠50mg｢旭化成｣
グループ12①_2_1,ｼﾞﾋﾟﾘﾀﾞﾓｰﾙ錠25mg｢JG｣
グループ9⑤_2_7,ｴﾘｷｭｰｽ錠5mg
グループ6⑤_2_3,ｵﾙﾒﾃｯｸOD錠5mg
グループ9⑨_1_6,ｴﾝﾃｶﾋﾞﾙ錠0.5mg「ﾄｰﾜ」
グループ10②_1_0,ｴﾚﾄﾘﾌﾟﾀﾝ錠20mg｢TCK｣
グループ8⑤_1_5,ｱﾙｼﾞｵｷｻ錠100mg｢KN｣
グループ9⑨_1_5,ｴｸﾒｯﾄ配合錠HD
グループ12⑦_2_16,ｼﾛｽﾀｿﾞｰﾙ錠50mg｢JG｣
グループ6⑪_2_2,ｱﾑﾊﾞﾛ配合OD錠「ﾄｰﾜ」
グループ9⑧_2_6,ｴﾝﾃｶﾋﾞﾙ錠0.5mg「ｻﾝﾄﾞ」
グループ10⑨_2_4,ｴﾚﾄﾘﾌﾟﾀﾝ錠20mg｢ｻﾝﾄﾞ｣
グループ6⑧_2_0,ｵﾙﾒﾃｯｸOD錠5mg
グループ1⑨_2_2,ｴﾝﾃｶﾋﾞﾙ錠0.5mg「CMX」
グループ8⑪_2_1,ｱｽﾄﾐﾝ錠10mg
グループ9⑤_2_0,ｴﾝﾃｶﾋﾞﾙ錠0.5mg「JG」
グループ3②_2_2,ｱﾝﾌﾞﾛｷｿｰﾙ塩酸塩錠15mg｢ｻﾜｲ｣ 
グループ3⑤_2_9,ｱｷﾈﾄﾝ錠1mg
グループ4⑦_1_9,ｱﾄﾙﾊﾞｽﾀﾁﾝ錠5mg｢ｻﾝﾄﾞ｣
グループ14⑥_2_4,ｷﾈﾀﾞｯｸ錠50mg
グループ10⑧_2_6,ｴﾋﾞﾘﾌｧｲ錠3mg
グループ9⑨_2_0,ｴﾝﾃｶﾋﾞﾙ錠0.5mg「ﾄｰﾜ」
グループ2⑦_1_12,ｳﾙｿﾃﾞｵｷｼｺｰﾙ酸錠100mg｢JG｣,ｾﾚﾈｰｽ錠0.75mg
グループ11⑩_2_1,ｶﾙﾎﾞｼｽﾃｲﾝ錠500mg｢ﾃﾊﾞ｣
グループ5⑥_2_3,ｵﾗﾝｻﾞﾋﾟﾝ錠1.25mg｢ｱﾒﾙ｣
グループ10④_1_4,ｿﾞﾃﾋﾟﾝ錠100mg｢ﾖｼﾄﾐ｣
グループ9⑪_2_8,ｴｸｾﾗｰｾﾞ配合錠
グループ12⑦_1_7,ｼﾞｺﾞｷｼﾝ錠0.125mg｢AFP｣ 
グループ11⑩_1_2,ｶﾙﾎﾞｼｽﾃｲﾝ錠500mg｢ﾃﾊﾞ｣
グループ1⑩_1_5,ｴﾅﾗﾌﾟﾘﾙﾏﾚｲﾝ酸塩錠2.5mg｢TCK｣
グループ14⑧_1_4,ｸﾞﾘﾒﾋﾟﾘﾄﾞ錠1mg｢ﾄｰﾜ｣
グループ7⑦_1_8,ｱﾛﾁﾉﾛｰﾙ塩酸塩錠5｢DSP｣
グループ2⑧_1_5,ｴﾝﾃｶﾋﾞﾙ錠0.5mg「EE」
グループ14⑨_1_5,ｾﾘﾝｸﾛ錠10mg
グループ3⑩_1_4,ｱｷﾈﾄﾝ錠1mg
グループ6⑥_2_0,ｵﾙﾒｻﾙﾀﾝOD錠20mg｢DSEP｣
グループ6③_1_0,ｵﾗﾝｻﾞﾋﾟﾝ錠2.5mg｢ｱﾒﾙ｣
グループ9⑩_1_8,ｴｸﾒｯﾄ配合錠HD
グループ11⑪_2_1,ｶﾑｼｱ配合錠HD「ﾄｰﾜ」
グループ4⑪_1_5,ｱﾛﾌﾟﾘﾉｰﾙ錠100mg｢DSP｣
グループ8③_1_3,ｱﾑﾛｼﾞﾋﾟﾝOD錠5mg「日医工」
グループ3②_1_3,ﾑｺﾌﾞﾘﾝ錠15mg
グループ11⑤_2_1,ｶﾙﾎﾞｼｽﾃｲﾝ錠500mg｢ﾃﾊﾞ｣
グループ2⑤_2_9,ｲﾝｳﾞｪｶﾞ錠6mg
グループ14⑦_2_3,ｾﾌｼﾞﾄﾚﾝﾋﾟﾎﾞｷｼﾙ錠100mg｢ﾄｰﾜ｣
グループ3⑩_2_8,ｱﾑﾊﾞﾛ配合錠｢ｻﾝﾄﾞ｣
グループ11③_1_0,ｶﾙﾅｸﾘﾝ錠50
グループ12⑥_1_1,ｼﾙﾆｼﾞﾋﾟﾝ錠20mg｢ｻﾜｲ｣
グループ2④_1_3,ｵﾊﾟﾙﾓﾝ錠5μg
グループ5⑤_1_6,ｲﾌｪﾝﾌﾟﾛｼﾞﾙ酒石酸塩錠20mg｢あすか｣
グループ7⑪_2_5,ｱｼﾞﾙﾊﾞ錠40mg
グループ14④_2_3,ｾﾝﾉｼﾄﾞ錠12mg｢ｻﾝﾄﾞ｣
グループ1④_1_2,ｴﾊﾞﾐｰﾙ錠1.0
グループ1⑪_2_7,ｴﾘｽﾛｼﾝ錠200mg
グループ11⑪_1_1,ｶﾙﾅｸﾘﾝ錠50
グループ4⑪_1_9,ｱﾛﾌﾟﾘﾉｰﾙ錠100mg｢DSP｣
グループ11⑤_1_3,ｶﾙﾎﾞｼｽﾃｲﾝ錠250mg｢TCK｣
グループ11⑦_1_8,ｶﾙﾎﾞｼｽﾃｲﾝ錠250mg｢TCK｣
グループ4⑧_1_0,ｱﾑﾛｼﾞﾋﾟﾝ錠2.5mg｢ﾄｰﾜ｣
グループ2⑤_1_9,ｳﾙｿﾃﾞｵｷｼｺｰﾙ酸錠100mg｢ﾄｰﾜ｣
グループ12⑥_2_8,ｶﾙｺｰﾊﾟ配合錠L100
グループ1⑦_2_15,ｴｽﾜﾝﾀｲﾎｳ配合OD錠T25
グループ12①_2_0,ｼﾞﾋﾟﾘﾀﾞﾓｰﾙ錠12.5mg｢JG｣
グループ12⑥_2_5,ｼﾒﾁｼﾞﾝ錠400mg｢TCK｣
グループ9⑦_1_2,ｴﾊﾟﾛｰｽｶﾌﾟｾﾙ300mg
グループ6⑩_2_6,ｱﾝﾌﾞﾛｷｿｰﾙ塩酸塩錠15mg｢日医工｣
グループ2⑦_2_9,ｴﾝﾃｶﾋﾞﾙ錠0.5mg「EE」
グループ9⑦_1_4,ｴﾝﾃｶﾋﾞﾙ錠0.5mg「ﾀｶﾀ」
グループ1⑧_1_3,ｴﾅﾗﾌﾟﾘﾙﾏﾚｲﾝ酸塩錠5mg｢ﾌｿｰ｣
グループ12⑥_2_1,ｼﾞｸﾛﾌｪﾅｸNa徐放ｶﾌﾟｾﾙ37.5mg｢ﾄｰﾜ｣
グループ12⑤_1_8,ｼﾞｬﾃﾞｨｱﾝｽ錠10mg
グループ5⑦_1_16,ｲﾌｪﾝﾌﾟﾛｼﾞﾙ酒石酸塩錠20mg｢あすか｣
グループ11⑥_2_0,ｶﾙﾍﾞｼﾞﾛｰﾙ錠10mg｢ｻﾜｲ｣
グループ8⑤_2_3,ｱﾑﾛｼﾞﾋﾟﾝOD錠5mg｢ﾌｧｲｻﾞｰ｣
グループ1⑩_2_9,ｴｽﾜﾝﾀｲﾎｳ配合OD錠T25
グループ9⑩_2_8,ｴﾝﾃｶﾋﾞﾙ錠0.5mg「ｻﾝﾄﾞ」
グループ13⑪_1_6,ｸﾞﾘﾒﾋﾟﾘﾄﾞ錠0.5mg｢ｻﾝﾄﾞ｣
グループ12⑦_1_17,ｶﾙｺｰﾊﾟ配合錠L100
グループ4④_2_1,ｲﾝﾃﾊﾞﾝSP25
グループ6⑦_2_10,ｵﾒﾌﾟﾗｿﾞｰﾙ錠20mg｢ｱﾒﾙ｣
グループ6⑪_2_7,ｱｽﾍﾞﾘﾝ錠20
グループ8⑤_2_8,ｱﾑﾛｼﾞﾋﾟﾝOD錠5mg「日医工」
グループ12⑧_1_9,ｶﾙｺｰﾊﾟ配合錠L100
グループ4③_1_4,ｱﾄﾙﾊﾞｽﾀﾁﾝ錠5mg｢ｻﾝﾄﾞ｣
グループ13④_1_3,ｸﾞﾘﾒﾋﾟﾘﾄﾞ錠1mg｢杏林｣
グループ4⑦_2_0,ｱﾑﾛｼﾞﾋﾟﾝ錠2.5mg｢ﾄｰﾜ｣
グループ13⑩_2_3,ｸﾞﾘﾍﾞﾝｸﾗﾐﾄﾞ錠1.25mg｢武田ﾃﾊﾞ｣
グループ3⑧_2_4,一硝酸ｲｿｿﾙﾋﾞﾄﾞ錠20mg｢ｻﾜｲ｣
グループ7⑧_2_8,ｱﾐﾃｨｰｻﾞｶﾌﾟｾﾙ12μg
グループ12⑩_2_4,ｼﾛｽﾀｿﾞｰﾙ錠50mg｢JG｣
グループ2⑩_1_3,ｳﾙｿﾃﾞｵｷｼｺｰﾙ酸錠100mg｢ﾃﾊﾞ｣
グループ4⑨_2_3,ｲﾙﾍﾞｻﾙﾀﾝOD錠200mg｢JG｣
グループ8⑩_2_2,ｱｺﾌｧｲﾄﾞ錠100mg
グループ4⑦_1_6,ｱﾏﾝﾀｼﾞﾝ塩酸塩錠50mg｢ｻﾜｲ｣
グループ2②_1_4,ｴﾄﾄﾞﾗｸ錠100mg「日医工」
グループ1⑨_2_6,ｴﾄﾄﾞﾗｸ錠200mg「日医工」
グループ2⑥_1_4,ｳﾗﾘｯﾄ配合錠
グループ9⑩_1_9,ｴﾝﾃｶﾋﾞﾙ錠0.5mg「ｻﾝﾄﾞ」
グループ10⑦_1_9,ｴﾋﾞﾘﾌｧｲ錠1mg
グループ6⑦_1_13,ｱﾙｼﾞｵｷｻ錠100mg｢あすか｣
グループ4⑩_1_3,L-ｱｽﾊﾟﾗｷﾞﾝ酸Ca錠200mg｢ｻﾜｲ｣
グループ8⑪_2_9,ｱﾑﾛｼﾞﾋﾟﾝOD錠5mg「日医工」
グループ13⑤_1_6,ｸﾞﾘｸﾗｼﾞﾄﾞ錠20mg｢ｻﾜｲ｣
グループ5⑤_1_7,ｲﾌｪﾝﾌﾟﾛｼﾞﾙ酒石酸塩錠10mg｢日医工｣
グループ8①_1_1,ｱﾄﾙﾊﾞｽﾀﾁﾝ錠5mg「Me」
グループ10⑥_2_0,ｴﾚﾄﾘﾌﾟﾀﾝ錠20mg｢ｻﾝﾄﾞ｣
グループ2⑤_1_7,ｳﾙｿﾃﾞｵｷｼｺｰﾙ酸錠100mg｢ﾃﾊﾞ｣
グループ7⑥_2_7,ｱﾐﾃｨｰｻﾞｶﾌﾟｾﾙ12μg
グループ13⑦_2_11,ｸﾛﾋﾟﾄﾞｸﾞﾚﾙ錠75mg｢ｻﾜｲ｣,ｸﾛﾋﾟﾄﾞｸﾞﾚﾙ錠75mg｢ｻﾜｲ｣
グループ1⑦_2_6,ｴﾅﾗﾌﾟﾘﾙﾏﾚｲﾝ酸塩錠5mg｢ﾌｿｰ｣
グループ14⑦_1_6,ｾﾌｼﾞﾄﾚﾝﾋﾟﾎﾞｷｼﾙ錠100mg｢ﾄｰﾜ｣
グループ7②_1_2,ｱﾘﾋﾟﾌﾟﾗｿﾞｰﾙ錠3mg｢ﾖｼﾄﾐ｣
グループ4⑦_1_19,L-ｱｽﾊﾟﾗｷﾞﾝ酸Ca錠200mg｢ｻﾜｲ｣
グループ10⑥_2_5,ｴﾍﾟﾘｿﾞﾝ塩酸塩錠50mg｢旭化成｣
グループ1⑥_2_7,ｴﾘｽﾛｼﾝ錠200mg
グループ1②_2_1,ｴﾝﾃｶﾋﾞﾙ錠0.5mg「CMX」
グループ7③_1_0,ｱｼﾞﾙﾊﾞ錠40mg
グループ6⑨_1_3,ｵﾗﾝｻﾞﾋﾟﾝOD錠1.25mg｢ｱﾒﾙ｣
グループ11⑪_2_3,ｶﾑｼｱ配合錠HD「ﾄｰﾜ」
グループ14⑥_2_3,ｾﾞｽﾄﾘﾙ錠10
グループ11⑤_1_4,ｶﾞｽｺﾝ錠80mg
グループ14⑨_2_1,ｾﾛｹﾝL錠120mg
グループ2⑥_2_6,ｴﾝﾃｶﾋﾞﾙ錠0.5mg「EE」
グループ5⑪_1_3,ｵﾙｹﾃﾞｨｱ錠2mg
グループ7⑦_2_11,ｱﾑﾛｼﾞﾋﾟﾝ錠2.5mg｢TCK｣
グループ2⑨_1_1,ｲﾐﾀﾞﾌﾟﾘﾙ塩酸塩錠2.5mg｢ｹﾐﾌｧ｣
グループ10⑪_2_7,ｿﾞﾃﾋﾟﾝ錠100mg｢ﾀｶﾀ｣
グループ11⑦_1_12,ｿﾞﾃﾋﾟﾝ錠25mg｢ﾀｶﾀ｣
グループ8⑩_1_3,ｱﾀﾞﾗｰﾄｶﾌﾟｾﾙ10mg
グループ1⑪_1_5,ｴｸｾｸﾞﾗﾝ錠100mg
グループ13⑨_1_3,ｸｴﾁｱﾋﾟﾝ錠200mg｢EE｣
グループ7⑥_2_2,ｱﾃﾉﾛｰﾙ錠25mg｢ﾄｰﾜ｣
グループ13⑨_2_8,ｸﾘｱﾐﾝ配合錠A1.0
グループ6⑦_2_0,ｵﾙﾒｻﾙﾀﾝOD錠5mg｢日医工｣
グループ11⑨_2_8,ｶﾙﾌﾞﾛｯｸ錠8mg
グループ2①_1_3,ｳﾙｿﾃﾞｵｷｼｺｰﾙ酸錠100mg｢ﾃﾊﾞ｣
グループ12⑨_1_2,ｼﾙﾆｼﾞﾋﾟﾝ錠20mg｢ｻﾜｲ｣
グループ11③_2_3,ｶﾞｽｺﾝ錠80mg
グループ13⑦_2_15,ｸﾘｱﾐﾝ配合錠A1.0,ｸﾘｱﾐﾝ配合錠A1.0
グループ8⑤_2_4,ｱﾀﾞﾗｰﾄｶﾌﾟｾﾙ10mg
グループ6⑩_1_4,ｵﾙﾒｻﾙﾀﾝOD錠5mg｢ﾆﾌﾟﾛ｣
グループ11⑩_1_8,ｶﾙﾍﾞｼﾞﾛｰﾙ錠1.25mg｢ｻﾜｲ｣
グループ6⑤_2_6,ｵﾒﾌﾟﾗｿﾞｰﾙ錠20mg｢ｱﾒﾙ｣
グループ3⑪_1_1,ｱﾑﾛｼﾞﾋﾟﾝ錠2.5mg｢ｻﾝﾄﾞ｣
グループ7⑦_2_13,ｱﾑﾛｼﾞﾋﾟﾝOD錠「ｻﾜｲ」5mg
グループ4⑦_1_18,ｲｰｹﾌﾟﾗ錠250mg
グループ4⑤_1_5,L-ｱｽﾊﾟﾗｷﾞﾝ酸Ca錠200mg｢ｻﾜｲ｣
グループ3⑩_1_7,ｱﾑﾊﾞﾛ配合錠｢ｻﾝﾄﾞ｣
グループ7⑦_1_13,ｱﾛﾌﾟﾘﾉｰﾙ錠100mg｢ｻﾜｲ｣
グループ6⑩_1_5,ｵﾙﾒｻﾙﾀﾝOD錠5mg｢ﾆﾌﾟﾛ｣
グループ14①_1_2,ｸﾞﾘｸﾗｼﾞﾄﾞ錠40mg｢ｻﾜｲ｣
グループ12⑦_2_15,ｼﾞﾒﾁｺﾝ錠40mg｢ﾌｿｰ｣
グループ10⑨_2_3,ｴﾝﾃｶﾋﾞﾙOD錠0.5mg「ｻﾜｲ」
グループ2③_2_2,ｵﾛﾊﾟﾀｼﾞﾝ塩酸塩錠5mg「NPI」
グループ5⑧_1_1,ｲﾙﾍﾞｻﾙﾀﾝ錠200mg｢JG｣
グループ14⑪_1_4,ｾﾚｺｯｸｽ錠100mg
グループ5⑦_2_5,ｵﾛﾊﾟﾀｼﾞﾝ塩酸塩錠2.5mg「NPI」
グループ14②_2_3,ｾﾞｽﾄﾘﾙ錠10
グループ7⑧_2_2,ｱﾃﾉﾛｰﾙ錠25mg｢ﾄｰﾜ｣
グループ4①_2_0,ｱｰﾁｽﾄ錠2.5mg
グループ5⑩_2_6,ｵﾙｹﾃﾞｨｱ錠2mg
グループ2⑩_2_8,ｳﾌﾞﾚﾁﾄﾞ錠5mg
グループ4⑤_2_7,L-ｱｽﾊﾟﾗｷﾞﾝ酸Ca錠200mg｢ｻﾜｲ｣
グループ5③_2_2,ｵﾗﾝｻﾞﾋﾟﾝ錠1.25mg｢ｱﾒﾙ｣
グループ7⑨_1_7,ｱﾑﾛｼﾞﾋﾟﾝOD錠「ｻﾜｲ」5mg
グループ2⑨_1_8,ｵﾊﾟﾙﾓﾝ錠5μg
グループ4④_1_2,ｱﾛﾌﾟﾘﾉｰﾙ錠100mg｢ﾀｶﾀ｣
グループ7⑦_1_0,ｱﾑﾛｼﾞﾋﾟﾝOD錠2.5mg｢武田ﾃﾊﾞ｣
グループ11⑦_2_14,ｶﾙﾎﾞｼｽﾃｲﾝ錠250mg｢ｻﾜｲ｣
グループ4①_1_3,ｱﾛﾌﾟﾘﾉｰﾙ錠100mg｢ﾀｶﾀ｣
グループ1⑤_1_8,ｴﾄﾄﾞﾗｸ錠200mg「日医工」
グループ14③_2_2,ｾﾀﾌﾟﾘﾙ錠50mg
グループ13⑧_2_7,ｸﾛﾗﾑﾌｪﾆｺｰﾙ腟錠100mg｢F｣
グループ11⑨_2_9,ｶﾙﾌﾞﾛｯｸ錠8mg
グループ11⑥_2_5,ｿﾞﾃﾋﾟﾝ錠25mg｢ﾀｶﾀ｣
グループ13④_2_2,ｸﾞﾘｸﾗｼﾞﾄﾞ錠20mg｢ｻﾜｲ｣,ｸﾞﾘﾐｸﾛﾝHA錠20mg
グループ6③_1_4,ｱﾚｸﾞﾗ錠60mg
グループ2⑨_2_2,ｲﾐﾀﾞﾌﾟﾘﾙ塩酸塩錠2.5mg｢ｹﾐﾌｧ｣
グループ14④_2_0,ｾﾚｺｷｼﾌﾞ錠100mg｢ｻﾜｲ｣
グループ4⑪_2_9,ｱﾄﾙﾊﾞｽﾀﾁﾝ錠10mg｢ｻﾝﾄﾞ｣
グループ13②_1_2,ｸﾛﾋﾟﾄﾞｸﾞﾚﾙ錠75mg｢ｻﾜｲ｣,ｸﾛﾋﾟﾄﾞｸﾞﾚﾙ錠75mg｢ｻﾜｲ｣
グループ2⑥_1_7,ｵｲｸﾞﾙｺﾝ錠2.5mg
グループ12②_2_3,ｼﾒﾁｼﾞﾝ錠400mg｢TCK｣
グループ13⑦_2_6,ｸﾗﾘｽﾛﾏｲｼﾝ錠200mg｢CH｣ 
グループ12⑩_2_9,ｼﾝﾊﾞｽﾀﾁﾝ錠20mg｢武田ﾃﾊﾞ｣
グループ1⑤_2_7,ｴｸｾﾗｰｾﾞ配合錠
グループ9⑦_1_5,ｴﾝﾃｶﾋﾞﾙ錠0.5mg「ﾌｧｲｻﾞｰ」
グループ2④_1_0,ｲﾙﾍﾞﾀﾝ錠50mg
グループ2⑪_1_4,ｳﾙｿﾃﾞｵｷｼｺｰﾙ酸錠100mg｢ﾄｰﾜ｣
グループ13⑪_1_5,ｸﾞｰﾌｨｽ錠5mg
グループ12①_2_3,ｼﾞﾒﾁｺﾝ錠40mg｢ﾌｿｰ｣
グループ14⑦_1_10,ｾﾞｽﾄﾘﾙ錠10
グループ3⑦_2_12,ｴﾅﾗﾌﾟﾘﾙﾏﾚｲﾝ酸塩錠5mg｢MEEK｣
グループ9④_1_1,ｴﾙﾃﾞｶﾙｼﾄｰﾙｶﾌﾟｾﾙ0.75μg｢ｻﾜｲ｣
グループ6⑧_2_6,ｵﾛﾊﾟﾀｼﾞﾝ塩酸塩OD錠5mg｢日医工｣
グループ6⑦_1_7,ｵﾙﾒｻﾙﾀﾝOD錠5mg｢ﾆﾌﾟﾛ｣
グループ11⑤_1_0,ｶﾑｼｱ配合錠HD「ﾄｰﾜ」
グループ2⑦_2_2,ｲﾐﾀﾞﾌﾟﾘﾙ塩酸塩錠2.5mg｢ｹﾐﾌｧ｣
グループ7⑦_2_17,ｱﾛﾌﾟﾘﾉｰﾙ錠100mg｢ﾃﾊﾞ｣
グループ5⑨_1_2,ｲﾙﾍﾞｻﾙﾀﾝ錠100mg｢JG｣
グループ7⑩_2_4,ｱﾄﾙﾊﾞｽﾀﾁﾝ錠5mg｢KN｣
グループ10⑧_1_8,ｴﾋﾞﾘﾌｧｲ錠1mg
グループ8⑥_1_1,ｱｿﾞｾﾐﾄﾞ錠30mg｢JG｣
グループ6⑦_2_12,ｱﾝﾌﾞﾛｷｿｰﾙ塩酸塩錠15mg｢日医工｣
グループ13①_2_3,ｸﾛﾋﾟﾄﾞｸﾞﾚﾙ錠75mg｢ｹﾐﾌｧ｣,ｸﾛﾋﾟﾄﾞｸﾞﾚﾙ錠75mg｢ｹﾐﾌｧ｣
グループ13②_1_3,ｸｴﾁｱﾋﾟﾝ錠200mg｢EE｣
グループ1⑦_2_4,ｴﾝﾃｶﾋﾞﾙ錠0.5mg「CMX」
グループ13⑦_1_3,ｸﾛﾋﾟﾄﾞｸﾞﾚﾙ錠75mg｢ｹﾐﾌｧ｣
グループ14②_2_1,ｾﾛｹﾝL錠120mg
グループ5⑤_2_0,ｲﾝｳﾞｪｶﾞ錠3mg
グループ7⑧_1_4,ｱｼﾞﾚｸﾄ錠1mg
グループ12⑦_2_17,硝酸ｲｿｿﾙﾋﾞﾄﾞ徐放錠20mg「ﾄｰﾜ」
グループ1①_2_1,ｴﾅﾗﾌﾟﾘﾙﾏﾚｲﾝ酸塩錠2.5mg｢TCK｣
グループ12⑧_1_7,ｼﾛｽﾀｿﾞｰﾙ錠50mg｢JG｣
グループ14⑪_1_2,ｾﾙﾄﾗﾘﾝ錠25mg｢YD｣
グループ14⑦_2_14,ｾﾞｽﾄﾘﾙ錠10
グループ3⑤_1_1,一硝酸ｲｿｿﾙﾋﾞﾄﾞ錠20mg｢ｻﾜｲ｣
グループ10⑦_1_2,ｿﾞﾃﾋﾟﾝ錠25mg｢ﾖｼﾄﾐ｣
グループ12⑦_2_12,ｼﾞﾒﾁｺﾝ錠40mg｢ﾌｿｰ｣
グループ11⑪_1_3,ｶﾙﾌｨｰﾅ錠0.25μg
グループ1⑤_1_6,ｴｽﾜﾝﾀｲﾎｳ配合OD錠T25
グループ2④_2_1,ｵﾊﾟﾙﾓﾝ錠5μg
グループ9⑤_2_8,ｴﾝﾃｶﾋﾞﾙ錠0.5mg「ｻﾝﾄﾞ」
グループ12⑨_1_4,硝酸ｲｿｿﾙﾋﾞﾄﾞ徐放錠20mg「ﾄｰﾜ」
グループ3⑤_1_3,ｱﾝﾌﾞﾛｷｿｰﾙ塩酸塩錠15mg｢ｻﾜｲ｣ 
グループ12⑨_1_8,硝酸ｲｿｿﾙﾋﾞﾄﾞ徐放錠20mg「ﾄｰﾜ」
グループ9⑩_1_3,ｴﾊﾟﾛｰｽｶﾌﾟｾﾙ300mg
グループ6⑧_1_4,ｵﾛﾊﾟﾀｼﾞﾝ塩酸塩OD錠5mg｢日医工｣
グループ10⑦_1_8,ｴﾚﾄﾘﾌﾟﾀﾝ錠20mg｢ｻﾝﾄﾞ｣
グループ3⑨_2_9,50mgｱﾘﾅﾐﾝF糖衣錠
グループ6⑨_2_3,ｵﾗﾝｻﾞﾋﾟﾝOD錠1.25mg｢ｱﾒﾙ｣
グループ3①_2_0,ﾑｺﾌﾞﾘﾝ錠15mg
グループ3⑧_1_5,ｱﾛﾌﾟﾘﾉｰﾙ錠100mg｢杏林｣
グループ4⑥_2_6,ｱﾏﾘｰﾙ1mg錠
グループ6⑥_2_1,ｱｼﾞｽﾛﾏｲｼﾝ250mg｢ﾀｶﾀ｣
グループ12⑦_1_5,ｼﾛﾄﾞｼﾝOD錠4mg｢DSEP｣
グループ2⑥_1_1,ｲﾐﾀﾞﾌﾟﾘﾙ塩酸塩錠5mg｢ｻﾜｲ｣
グループ7⑦_1_15,ｱﾐﾃｨｰｻﾞｶﾌﾟｾﾙ12μg
グループ6⑨_2_6,ｵﾗﾝｻﾞﾋﾟﾝOD錠1.25mg｢ｱﾒﾙ｣
グループ6⑩_2_1,ｱﾚｸﾞﾗ錠60mg
グループ8③_2_1,ｱｽﾄﾐﾝ錠10mg
グループ2⑧_1_8,ｴﾝﾃｶﾋﾞﾙ錠0.5mg「EE」
グループ14⑪_1_6,ｾﾀﾌﾟﾘﾙ錠50mg
グループ7⑧_2_3,ｱﾑﾛｼﾞﾋﾟﾝOD錠2.5mg｢武田ﾃﾊﾞ｣
グループ10⑧_2_3,ｴﾋﾞﾘﾌｧｲ錠3mg
グループ13⑪_1_3,ｸﾞｰﾌｨｽ錠5mg
グループ6⑦_2_16,ｱｽﾍﾞﾘﾝ錠20
グループ10⑧_2_4,NEｿﾌﾄｶﾌﾟｾﾙ200mg
グループ13⑦_2_16,ｸﾞﾘｸﾗｼﾞﾄﾞ錠20mg｢ｻﾜｲ｣,ｸﾞﾘﾐｸﾛﾝHA錠20mg
グループ11⑦_2_10,ｶﾙﾍﾞｼﾞﾛｰﾙ錠1.25mg｢ｻﾜｲ｣
グループ9⑥_2_3,ｱｾﾄｱﾐﾉﾌｪﾝ錠200mg｢ﾃﾊﾞ｣
グループ13⑧_2_2,ｸﾞﾘﾍﾞﾝｸﾗﾐﾄﾞ錠1.25mg｢武田ﾃﾊﾞ｣
グループ14⑥_2_0,ｾﾛｹﾝL錠120mg
グループ1③_2_1,ｴﾅﾗﾌﾟﾘﾙﾏﾚｲﾝ酸塩錠5mg｢TCK｣
グループ12④_1_1,ｼﾞｮｻﾏｲｼﾝ錠50mg
グループ9③_2_4,ｴﾌｨｴﾝﾄOD錠20mg
グループ8④_1_1,ｱｾﾄｱﾐﾉﾌｪﾝ錠500mg｢ﾏﾙｲｼ｣
グループ10⑦_1_15,ｴﾝﾃｶﾋﾞﾙ錠0.5mg「武田ﾃﾊﾞ」
グループ12①_1_2,ｶﾙｺｰﾊﾟ配合錠L100
グループ9①_2_0,ｴﾝﾃｶﾋﾞﾙ錠0.5mg「JG」
グループ5⑦_2_18,ｲﾙｱﾐｸｽ配合錠HD｢三和｣
グループ13⑪_1_8,ｸﾛﾙﾌﾟﾛﾊﾟﾐﾄﾞ錠250mg｢KN｣
グループ13⑩_2_2,ｸﾞﾘﾍﾞﾝｸﾗﾐﾄﾞ錠1.25mg｢武田ﾃﾊﾞ｣
グループ11⑨_1_0,球形吸着炭ｶﾌﾟｾﾙ286mg｢日医工｣
グループ13⑤_1_7,ｸﾞﾘﾒﾋﾟﾘﾄﾞ錠1mg｢杏林｣
グループ2⑦_2_19,ｳﾙｿﾃﾞｵｷｼｺｰﾙ酸錠100mg｢ﾃﾊﾞ｣
グループ6⑩_2_3,ｵﾙﾒｻﾙﾀﾝOD錠5mg｢ﾆﾌﾟﾛ｣
グループ1①_1_4,ｴｽﾜﾝﾀｲﾎｳ配合OD錠T25
グループ1⑧_2_6,ｴﾅﾗﾌﾟﾘﾙﾏﾚｲﾝ酸塩錠5mg｢TCK｣
グループ12⑩_1_3,ｼﾛﾄﾞｼﾝOD錠4mg｢DSEP｣
グループ2⑪_1_5,ｳﾙｿﾃﾞｵｷｼｺｰﾙ酸錠100mg｢JG｣
グループ9③_1_1,ｴﾝﾃｶﾋﾞﾙ錠0.5mg「ﾌｧｲｻﾞｰ」
グループ3⑦_2_15,50mgｱﾘﾅﾐﾝF糖衣錠
グループ7⑦_1_6,ｱﾑﾛｼﾞﾋﾟﾝOD錠「ｻﾜｲ」5mg
グループ3⑨_1_8,ｱｷﾈﾄﾝ錠1mg
グループ5⑩_1_2,ｵﾙｹﾃﾞｨｱ錠2mg
グループ4①_2_2,L-ｱｽﾊﾟﾗｷﾞﾝ酸Ca錠200mg｢ｻﾜｲ｣
グループ7⑥_1_4,ｱﾄﾙﾊﾞｽﾀﾁﾝ錠5mg｢DSEP｣
グループ13⑩_2_9,ｸﾞﾘﾐｸﾛﾝHA錠20mg
グループ14⑨_2_5,ｾﾘﾝｸﾛ錠10mg
グループ14③_1_3,ｾﾚﾈｰｽ錠0.75mg,ｾﾚｺｯｸｽ錠100mg
グループ12③_1_2,ｼﾝﾊﾞｽﾀﾁﾝ錠10mg「杏林」
グループ12⑨_2_3,ｼﾞｸﾛﾌｪﾅｸNa徐放ｶﾌﾟｾﾙ37.5mg｢ﾄｰﾜ｣
グループ6⑨_2_1,ｵﾙﾒｻﾙﾀﾝOD錠20mg｢DSEP｣
グループ2⑥_2_9,ｵﾊﾟﾙﾓﾝ錠5μg
グループ12⑦_2_13,ｼﾛﾄﾞｼﾝOD錠4mg｢DSEP｣
グループ5⑧_2_5,ｲﾌｪﾝﾌﾟﾛｼﾞﾙ酒石酸塩錠20mg｢あすか｣
グループ4⑦_2_4,ｱﾃﾞｶｯﾄ7.5mg錠
グループ1⑨_2_1,ｴﾝﾃｶﾋﾞﾙ錠0.5mg「CMX」
グループ8⑩_2_0,ｱﾑﾛｼﾞﾋﾟﾝOD錠5mg｢ﾌｧｲｻﾞｰ｣
グループ6⑦_1_2,ｵﾙﾒﾃｯｸOD錠5mg
グループ1①_1_1,ｴﾍﾟﾘｿﾞﾝ塩酸塩錠50mg｢日医工｣
グループ12⑥_1_4,ｼﾒﾁｼﾞﾝ錠400mg｢TCK｣
グループ6⑦_2_4,ｵﾗﾝｻﾞﾋﾟﾝOD錠1.25mg｢ｱﾒﾙ｣
グループ13⑦_2_5,ｸﾞﾘﾍﾞﾝｸﾗﾐﾄﾞ錠1.25mg｢武田ﾃﾊﾞ｣
グループ11②_1_2,球形吸着炭ｶﾌﾟｾﾙ286mg｢日医工｣
グループ2⑨_2_8,ｵﾊﾟﾙﾓﾝ錠5μg
グループ11⑩_2_3,ｶﾙﾎﾞｼｽﾃｲﾝ錠500mg｢ﾃﾊﾞ｣
グループ5⑩_1_1,ｵﾙﾒｻﾙﾀﾝOD錠40mg｢DSEP｣
グループ11⑥_1_0,ｿﾞﾃﾋﾟﾝ錠50mg｢ﾖｼﾄﾐ｣
グループ2⑩_1_2,ｲﾙﾍﾞｻﾙﾀﾝ錠50mg｢JG｣
グループ4①_1_4,ｱｶﾙﾎﾞｰｽOD錠50mg｢ﾌｧｲｻﾞｰ｣
グループ14⑩_1_7,ｾﾌｼﾞﾄﾚﾝﾋﾟﾎﾞｷｼﾙ錠100mg｢ﾄｰﾜ｣
グループ6⑧_1_5,ｵﾒﾌﾟﾗｿﾞｰﾙ錠10｢SW｣ 10mg
グループ14④_1_0,ｾﾚｺｷｼﾌﾞ錠100mg｢ｻﾜｲ｣
グループ3⑤_1_6,ｴﾅﾗﾌﾟﾘﾙﾏﾚｲﾝ酸塩錠5mg｢MEEK｣
グループ10①_2_4,ｴﾋﾞﾘﾌｧｲ錠1mg
グループ4⑤_1_8,ｱｽﾊﾟﾗｶﾘｳﾑ錠300mg
グループ5⑦_2_4,ｲﾝｳﾞｪｶﾞ錠3mg
グループ14⑥_1_1,ｾﾚﾈｰｽ錠3mg
グループ6⑩_1_6,ｱﾙｼﾞｵｷｻ錠100mg｢あすか｣
グループ1⑩_2_5,ｴｽﾜﾝﾀｲﾎｳ配合OD錠T20
グループ7⑦_1_14,ｱﾑﾛｼﾞﾝOD錠2.5mg
グループ14⑧_2_7,ｸﾞﾘﾒﾋﾟﾘﾄﾞ錠1mg｢ﾀﾅﾍﾞ｣
グループ3⑨_2_5,50mgｱﾘﾅﾐﾝF糖衣錠
グループ7⑨_1_4,ｱﾑﾛｼﾞﾋﾟﾝOD錠「ｻﾜｲ」5mg
グループ1⑥_1_6,ｴｸｾｸﾞﾗﾝ錠100mg
グループ10⑦_2_3,ｴﾋﾞﾘﾌｧｲ錠3mg
グループ5⑦_1_9,ｵﾗﾝｻﾞﾋﾟﾝ錠2.5mg｢ﾆﾌﾟﾛ｣
グループ5⑦_2_17,ｵﾒﾌﾟﾗｿﾞｰﾙ腸溶錠10mg｢武田ﾃﾊﾞ｣
グループ14⑨_2_9,ｾﾞｽﾄﾘﾙ錠10
グループ5③_1_1,ｵﾗﾝｻﾞﾋﾟﾝ錠1.25mg｢ｱﾒﾙ｣
グループ12⑤_2_8,ｼﾞｬﾃﾞｨｱﾝｽ錠10mg
グループ10⑥_1_0,ｴﾚﾄﾘﾌﾟﾀﾝ錠20mg｢TCK｣
グループ7②_2_1,ｱﾅﾌﾗﾆｰﾙ錠10mg
グループ3⑨_1_7,50mgｱﾘﾅﾐﾝF糖衣錠
グループ6⑥_2_4,ｵﾙﾒｻﾙﾀﾝOD錠5mg｢ﾆﾌﾟﾛ｣
グループ8①_2_3,ｱﾄﾙﾊﾞｽﾀﾁﾝ錠5mg「Me」
グループ5⑪_1_8,ｵﾛﾊﾟﾀｼﾞﾝ塩酸塩錠2.5mg「NPI」
グループ4⑦_2_8,ｱﾝﾌﾞﾛｷｿｰﾙ塩酸塩錠15mg｢ﾄｰﾜ｣
グループ2⑧_2_2,ｵｲｸﾞﾙｺﾝ錠2.5mg
グループ6⑦_2_9,ｱﾓｷｼｼﾘﾝｶﾌﾟｾﾙ250mg｢日医工｣
グループ2⑧_2_3,ｴﾝﾃｶﾋﾞﾙ錠0.5mg「YD」
グループ12③_1_0,ｼﾞｴﾉｹﾞｽﾄ錠1mg「F」
グループ10⑦_2_10,ｿﾞﾆｻﾐﾄﾞ錠100mg｢ｱﾒﾙ｣
グループ11⑩_1_4,ｶﾑｼｱ配合錠LD「ﾄｰﾜ」
グループ7⑪_2_7,ｱｼﾞﾙﾊﾞ錠40mg
グループ1①_1_0,ｴﾎﾁｰﾙ錠5mg
グループ4⑪_2_1,ｱﾛﾌﾟﾘﾉｰﾙ錠100mg｢DSP｣
グループ1⑥_2_1,ｴﾊﾞﾐｰﾙ錠1.0
グループ2⑪_2_7,ｳﾙｿﾃﾞｵｷｼｺｰﾙ酸錠100mg｢JG｣
グループ7⑥_1_7,ｱﾐﾃｨｰｻﾞｶﾌﾟｾﾙ12μg
グループ6⑨_2_5,ｵﾙﾒｻﾙﾀﾝOD錠20mg｢DSEP｣
グループ5⑧_2_8,ｲｽｺﾁﾝ錠100mg,ｲｽｺﾁﾝ錠100mg
グループ7⑦_1_3,ｱﾑﾛｼﾞﾋﾟﾝOD錠2.5mg｢武田ﾃﾊﾞ｣
グループ1⑧_2_0,ｴﾍﾟﾘｿﾞﾝ塩酸塩錠50mg｢ﾄｰﾜ｣
グループ9⑧_1_6,ｴﾝﾃｶﾋﾞﾙ錠0.5mg「ｻﾝﾄﾞ」
グループ11④_2_2,ｶﾙﾍﾞｼﾞﾛｰﾙ錠1.25mg｢ｻﾜｲ｣
グループ7⑤_2_5,ｱﾛﾁﾉﾛｰﾙ塩酸塩錠5｢DSP｣
グループ3⑩_2_2,ｱｸﾄｽ錠15 
グループ13②_1_1,ｸｴﾁｱﾋﾟﾝ錠200mg｢明治｣
グループ6⑩_1_9,ｱﾚｸﾞﾗ錠60mg
グループ8③_1_4,ｱﾛﾌﾟﾘﾉｰﾙ錠100mg｢ｹﾐﾌｧ｣
グループ12③_2_0
グループ13⑦_2_17,ｸﾞﾘｸﾗｼﾞﾄﾞ錠20mg｢ｻﾜｲ｣
グループ2⑩_1_7,ｳﾙｿﾃﾞｵｷｼｺｰﾙ酸錠100mg｢JG｣
グループ1②_2_0,ｴｾﾞﾁﾐﾌﾞ錠10mg｢TE｣
グループ9②_2_0,ｴﾝﾃｶﾋﾞﾙ錠0.5mg「DSEP」
グループ12⑨_1_7,硝酸ｲｿｿﾙﾋﾞﾄﾞ徐放錠20mg「ﾄｰﾜ」
グループ14②_1_2,ｾﾘﾝｸﾛ錠10mg
グループ10⑩_1_9,ｿﾞﾋﾟｸﾛﾝ錠7.5mg｢杏林｣
グループ4⑨_1_5,ｲﾆｼﾝｸ配合錠
グループ1⑪_1_1,ｴﾚﾄﾘﾌﾟﾀﾝ錠20mg｢ﾄｰﾜ｣
グループ4⑨_1_6,ｲｰｹﾌﾟﾗ錠250mg
グループ4⑧_2_8,ｱﾄﾙﾊﾞｽﾀﾁﾝ錠5mg｢ｻﾝﾄﾞ｣
グループ13⑩_2_5,ｸﾞﾘﾐｸﾛﾝHA錠20mg
グループ5①_1_3,ｲﾌｪﾝﾌﾟﾛｼﾞﾙ酒石酸塩錠20mg｢あすか｣
グループ4⑧_1_6,ｱﾝﾌﾞﾛｷｿｰﾙ塩酸塩錠15mg｢ﾄｰﾜ｣
グループ10②_1_2,ｴﾅﾗﾌﾟﾘﾙﾏﾚｲﾝ酸塩錠5mg｢ｻﾜｲ｣
グループ4④_2_0,ｲﾙﾍﾞｻﾙﾀﾝOD錠200mg｢JG｣
グループ11⑦_2_12,ｶﾙﾎﾞｼｽﾃｲﾝ錠250mg｢TCK｣
グループ2⑨_1_0,ｲﾙﾍﾞﾀﾝ錠50mg
グループ6⑩_2_2,ｱﾚｸﾞﾗ錠60mg
グループ7⑪_1_1,ｱﾑﾛｼﾞﾋﾟﾝ錠2.5mg｢TCK｣
グループ5⑦_2_2,ｵﾙﾒｻﾙﾀﾝOD錠40mg｢DSEP｣
グループ1⑪_1_7,ｴﾘｽﾛｼﾝ錠200mg
グループ1⑦_2_11,ｴﾘｽﾛﾏｲｼﾝ錠200mg｢ｻﾜｲ｣
グループ13④_2_4,ｸﾞﾘｸﾗｼﾞﾄﾞ錠20mg｢ｻﾜｲ｣
グループ6③_2_3,ｱﾙｼﾞｵｷｻ錠100mg｢あすか｣
グループ7⑧_1_6,ｱﾃﾉﾛｰﾙ錠25mg｢ﾄｰﾜ｣
グループ7⑦_2_3,ｱﾘﾋﾟﾌﾟﾗｿﾞｰﾙ錠3mg｢ﾖｼﾄﾐ｣
グループ4⑨_2_7,ｲﾆｼﾝｸ配合錠
グループ1⑨_1_2,ｴﾝﾃｶﾋﾞﾙ錠0.5mg「CMX」
グループ6⑧_2_1,ｵﾙﾒｻﾙﾀﾝOD錠5mg｢日医工｣
グループ14⑤_2_5,ｾﾚﾈｰｽ錠0.75mg
グループ6②_1_0,ｵﾗﾝｻﾞﾋﾟﾝOD錠1.25mg｢ｱﾒﾙ｣
グループ7④_2_1,ｱｲﾋﾟｰﾃﾞｨｶﾌﾟｾﾙ50
グループ10⑤_1_1,ｴﾊﾟﾙﾚｽﾀｯﾄ錠50mg｢武田ﾃﾊﾞ｣
グループ1⑦_2_3,ｴﾚﾄﾘﾌﾟﾀﾝ錠20mg｢ﾄｰﾜ｣
グループ4⑪_2_8,ｱｽﾊﾟﾗｶﾘｳﾑ錠300mg
グループ3④_1_3,ｱﾑﾛｼﾞﾋﾟﾝOD錠5mg｢武田ﾃﾊﾞ｣
グループ5⑨_1_7,ｲﾌｪﾝﾌﾟﾛｼﾞﾙ酒石酸塩錠10mg｢日医工｣,ｼﾝﾊﾞｽﾀﾁﾝ錠10mg「杏林」
グループ11⑧_2_2,ｿﾞﾃﾋﾟﾝ錠50mg｢ﾖｼﾄﾐ｣
グループ8⑪_1_9,ｱﾛﾌﾟﾘﾉｰﾙ錠100mg｢ｹﾐﾌｧ｣
グループ2①_1_2,ｳﾌﾞﾚﾁﾄﾞ錠5mg
グループ12⑧_1_6,ｼﾒﾁｼﾞﾝ錠400mg｢TCK｣
グループ12⑥_2_6,硝酸ｲｿｿﾙﾋﾞﾄﾞ徐放錠20mg「ﾄｰﾜ」
グループ14⑦_1_3,ｾﾝﾅﾘﾄﾞ錠12mg
グループ3⑥_2_9,ｱﾑﾊﾞﾛ配合錠｢ｻﾝﾄﾞ｣
グループ12④_1_0,ｼﾛｽﾀｿﾞｰﾙOD錠50mg｢ｻﾜｲ｣
グループ11①_2_2,ｿﾞﾃﾋﾟﾝ錠25mg｢ﾀｶﾀ｣
グループ7⑪_2_9,ｱｼﾞﾙﾊﾞ錠20mg
グループ2⑦_2_10,ｵｰﾈｽSP配合ｶﾌﾟｾﾙ
グループ14⑧_2_1,ｷﾈﾀﾞｯｸ錠50mg
グループ4⑨_2_5,ｲﾆｼﾝｸ配合錠
グループ5⑦_2_8,ｲﾐﾀﾞﾌﾟﾘﾙ塩酸塩錠5mg｢ｹﾐﾌｧ｣
グループ2⑥_2_8,ｳﾗﾘｯﾄ配合錠
グループ12⑨_2_8,硝酸ｲｿｿﾙﾋﾞﾄﾞ徐放錠20mg「ﾄｰﾜ」
グループ11⑧_2_6,ｿﾞﾃﾋﾟﾝ錠25mg｢ﾀｶﾀ｣
グループ3③_2_1,ｱﾃﾉﾛｰﾙ錠25mg｢ﾌｧｲｻﾞｰ｣
グループ4⑦_2_17,L-ｱｽﾊﾟﾗｷﾞﾝ酸Ca錠200mg｢ｻﾜｲ｣
グループ4⑨_1_4,ｲﾆｼﾝｸ配合錠
グループ13⑥_2_5,ｸｴﾁｱﾋﾟﾝ錠200mg｢EE｣
グループ6⑨_2_0,ｵﾙﾒｻﾙﾀﾝ錠20mg「日医工」
グループ8⑥_2_3,ｱﾀﾗｯｸｽ-Pｶﾌﾟｾﾙ50mg
グループ5③_2_1,ｵﾙﾒｻﾙﾀﾝOD錠10mg｢DSEP｣
グループ2②_2_2,ｳﾙｿﾃﾞｵｷｼｺｰﾙ酸錠100mg｢ﾄｰﾜ｣,ｳﾙｿ錠100mg
グループ9⑧_2_1,ｴﾝﾃｶﾋﾞﾙ錠0.5mg「ﾀｶﾀ」
グループ5⑦_2_0,ｵﾙﾒｻﾙﾀﾝOD錠40mg｢DSEP｣
グループ14①_2_3,ｸﾞﾘﾒﾋﾟﾘﾄﾞ錠1mg｢ﾀﾅﾍﾞ｣
グループ7⑨_2_4,ｱﾄﾙﾊﾞｽﾀﾁﾝ錠5mg｢DSEP｣
グループ13⑦_1_8,ｸﾞﾘﾒﾋﾟﾘﾄﾞ錠1mg｢杏林｣
グループ2⑦_1_14,ｳﾙｿﾃﾞｵｷｼｺｰﾙ酸錠100mg｢ﾃﾊﾞ｣
グループ7⑨_2_2,ｱﾛﾁﾉﾛｰﾙ塩酸塩錠5｢DSP｣
グループ2⑨_2_4,ｲﾐﾀﾞﾌﾟﾘﾙ塩酸塩錠2.5mg｢ｹﾐﾌｧ｣
グループ1⑨_1_5,ｴｸｾﾗｰｾﾞ配合錠
グループ3④_2_0,ｱｿﾞｾﾐﾄﾞ錠60mg｢JG｣
グループ14⑩_1_2,ｾﾝﾅﾘﾄﾞ錠12mg
グループ3⑨_1_2,一硝酸ｲｿｿﾙﾋﾞﾄﾞ錠20mg｢ｻﾜｲ｣
グループ13⑥_1_4,ｼﾝﾊﾞｽﾀﾁﾝ錠10mg｢武田ﾃﾊﾞ｣
グループ1⑤_2_0,ｴﾍﾟﾘｿﾞﾝ塩酸塩錠50mg｢日医工｣
グループ7⑤_1_4,ｱﾛﾁﾉﾛｰﾙ塩酸塩錠5｢DSP｣
グループ11⑦_1_14,ｶﾙｼﾄﾘｵｰﾙｶﾌﾟｾﾙ0.25μg｢ﾄｰﾜ｣
グループ14③_1_4,ｾﾘﾌﾟﾛﾛｰﾙ塩酸塩錠200mg｢ﾄｰﾜ｣
グループ13⑦_1_11,ｸﾛﾙﾌﾟﾛﾊﾟﾐﾄﾞ錠250mg｢KN｣
グループ3⑦_2_1,ｱﾝﾌﾞﾛｷｿｰﾙ塩酸塩錠15mg｢ｻﾜｲ｣ 
グループ12②_1_1,ｼﾙﾆｼﾞﾋﾟﾝ錠20mg｢ｻﾜｲ｣
グループ7③_1_2,ｱﾑﾛｼﾞﾋﾟﾝ錠2.5mg｢TCK｣
グループ9⑤_1_3,ｴﾊﾟﾗｶﾌﾟｾﾙ300
グループ12⑧_2_9,ｶﾙｺｰﾊﾟ配合錠L100
グループ8⑤_2_5,ｱﾛﾌﾟﾘﾉｰﾙ錠100mg｢ｹﾐﾌｧ｣
グループ8⑪_2_6,ｱﾙｼﾞｵｷｻ錠100mg｢KN｣
グループ12⑤_1_6,ｼﾛﾄﾞｼﾝOD錠4mg｢DSEP｣
グループ7④_1_3,ｱﾄﾙﾊﾞｽﾀﾁﾝ錠5mg｢KN｣
グループ12⑧_2_2,ｼﾞﾋﾟﾘﾀﾞﾓｰﾙ錠25mg｢JG｣
グループ13⑦_1_5,ｸｴﾁｱﾋﾟﾝ錠200mg｢明治｣
グループ11⑪_2_0,ｶﾙﾅｸﾘﾝ錠50
グループ12⑦_1_10,ｼﾙﾆｼﾞﾋﾟﾝ錠10mg｢ｻﾜｲ｣
グループ8⑩_1_4,ｱｾﾄｱﾐﾉﾌｪﾝ錠500mg｢ﾏﾙｲｼ｣
グループ5⑧_2_1,ｲﾙﾍﾞｻﾙﾀﾝ錠100mg｢JG｣
グループ13④_1_0,ｸﾞﾘﾒﾋﾟﾘﾄﾞ錠1mg｢ｵｰﾊﾗ｣,ｸﾞﾘﾒﾋﾟﾘﾄﾞ錠1mg｢ｵｰﾊﾗ｣
グループ14⑤_2_8,ｾﾁﾛ配合錠
グループ5⑨_2_2,ｲﾐﾀﾞﾌﾟﾘﾙ塩酸塩錠5mg｢ｹﾐﾌｧ｣,ｱﾑﾛｼﾞﾋﾟﾝOD錠5mg｢杏林｣
グループ10⑪_1_1,ｿﾞﾃﾋﾟﾝ錠25mg｢ﾖｼﾄﾐ｣
グループ4⑥_2_1,ｱﾑﾛｼﾞﾋﾟﾝ錠2.5mg｢ﾄｰﾜ｣
グループ1⑤_2_4,ｴﾅﾗﾌﾟﾘﾙﾏﾚｲﾝ酸塩錠2.5mg｢TCK｣
グループ4⑦_1_11,ｱﾛﾌﾟﾘﾉｰﾙ錠100mg｢DSP｣
グループ1⑦_1_6,ｴﾍﾟﾘｿﾞﾝ塩酸塩錠50mg｢日医工｣
グループ4⑪_1_4,ｱﾙﾌｧｶﾙｼﾄﾞｰﾙｶﾌﾟｾﾙ0.5μg｢日医工｣
グループ6⑨_1_5,ｵﾒﾌﾟﾗｿﾞｰﾙ錠20mg｢ｱﾒﾙ｣
グループ6④_1_4,ｱｽﾞﾉｰﾙ錠2mg
グループ1⑪_1_4,ｴﾚﾄﾘﾌﾟﾀﾝ錠20mg｢ﾄｰﾜ｣
グループ6⑦_2_6,ｱｼﾞｽﾛﾏｲｼﾝ250mg｢ﾀｶﾀ｣
グループ12⑦_2_10,ｼﾒﾁｼﾞﾝ錠400mg｢TCK｣
グループ1⑥_1_0,ｴﾚﾄﾘﾌﾟﾀﾝ錠20mg｢ﾄｰﾜ｣
グループ8⑪_1_7,ｱﾙｼﾞｵｷｻ錠100mg｢KN｣
グループ4②_1_2,ｱﾄﾙﾊﾞｽﾀﾁﾝ錠10mg｢ｻﾝﾄﾞ｣
グループ10⑥_2_8,ｴﾅﾗﾌﾟﾘﾙﾏﾚｲﾝ酸塩錠5mg｢ｻﾜｲ｣
グループ13⑦_2_1,ｸﾞﾘﾒﾋﾟﾘﾄﾞ錠1mg｢ｵｰﾊﾗ｣,ｸﾞﾘﾒﾋﾟﾘﾄﾞ錠1mg｢ｵｰﾊﾗ｣
グループ6⑪_2_1,ｱﾓｷｼｼﾘﾝｶﾌﾟｾﾙ250mg｢日医工｣
グループ14⑩_2_3,ｾﾌｼﾞﾄﾚﾝﾋﾟﾎﾞｷｼﾙ錠100mg｢ﾄｰﾜ｣
グループ2⑦_1_11,ｴﾄﾄﾞﾗｸ錠100mg「日医工」
グループ9⑧_1_0,ｱﾑﾛｼﾞﾋﾟﾝOD錠10mg｢武田ﾃﾊﾞ｣
グループ14①_2_4,ｸｴﾁｱﾋﾟﾝ錠100mg｢ﾃﾊﾞ｣
グループ1④_1_4,ｴﾘｽﾛｼﾝ錠200mg
グループ12⑤_2_3,ｼﾝﾊﾞｽﾀﾁﾝ錠10mg「杏林」
グループ12⑦_2_14,ｼﾝﾊﾞｽﾀﾁﾝ錠20mg｢武田ﾃﾊﾞ｣
グループ6③_2_4,ｵﾙﾒｻﾙﾀﾝOD錠5mg｢ﾆﾌﾟﾛ｣
グループ5⑥_2_7,ｵﾙｹﾃﾞｨｱ錠2mg
グループ10⑨_2_0,ｴﾅﾗﾌﾟﾘﾙﾏﾚｲﾝ酸塩錠5mg｢ｻﾜｲ｣
グループ10⑦_1_16,NEｿﾌﾄｶﾌﾟｾﾙ200mg
グループ13⑤_1_2,ｸﾞｰﾌｨｽ錠5mg
グループ7①_2_4,ｱﾐﾃｨｰｻﾞｶﾌﾟｾﾙ12μg
グループ13⑥_2_1,ｸﾞﾘﾒﾋﾟﾘﾄﾞ錠1mg｢EMEC｣
グループ13⑪_1_7,ｸﾞｰﾌｨｽ錠5mg
グループ13⑧_1_4,ｸﾛﾌｨﾌﾞﾗｰﾄｶﾌﾟｾﾙ250mg｢ﾂﾙﾊﾗ｣,ｸﾛﾌｨﾌﾞﾗｰﾄｶﾌﾟｾﾙ250mg｢ﾂﾙﾊﾗ｣
グループ4④_1_3,ｲﾆｼﾝｸ配合錠
グループ7⑩_2_1,ｱﾄﾙﾊﾞｽﾀﾁﾝ錠5mg｢KN｣
グループ8⑩_2_1,ｱｺﾌｧｲﾄﾞ錠100mg
グループ4⑥_1_1,ｲﾙﾍﾞｻﾙﾀﾝOD錠200mg｢JG｣
グループ7②_2_2,ｱﾛﾌﾟﾘﾉｰﾙ錠100mg｢ﾀﾅﾍﾞ｣,ｱﾛﾌﾟﾘﾉｰﾙ錠100mg｢ﾃﾊﾞ｣
グループ7⑦_2_10,ｱﾛﾌﾟﾘﾉｰﾙ錠100mg｢ﾃﾊﾞ｣
グループ9⑪_2_3,ｴﾊﾟﾛｰｽｶﾌﾟｾﾙ300mg
グループ2③_1_1,ｵﾛﾊﾟﾀｼﾞﾝ塩酸塩錠5mg「NPI」
グループ7⑥_1_8,ｱﾃﾉﾛｰﾙ錠25mg｢ﾄｰﾜ｣
グループ12⑦_1_6,ｼﾛｽﾀｿﾞｰﾙ錠50mg｢JG｣
グループ11③_2_1,ｶﾑｼｱ配合錠HD「ﾄｰﾜ」
グループ7⑪_1_9,ｱｼﾞﾙﾊﾞ錠20mg
グループ1⑥_1_1,ｴﾍﾟﾘｿﾞﾝ塩酸塩錠50mg｢ﾄｰﾜ｣
グループ5③_2_0,ｵﾙﾒｻﾙﾀﾝOD錠10mg｢DSEP｣
グループ7⑦_1_12,ｱﾑﾛｼﾞﾋﾟﾝ錠2.5mg｢TCK｣
グループ5⑥_1_5,ｵﾒﾌﾟﾗｿﾞｰﾙ腸溶錠10mg｢武田ﾃﾊﾞ｣
グループ9⑤_1_2,ｴﾊﾟﾛｰｽｶﾌﾟｾﾙ300mg
グループ5⑥_2_0,ｵﾙﾒｻﾙﾀﾝOD錠40mg｢DSEP｣
グループ6⑦_2_1,ｵﾙﾒﾃｯｸOD錠5mg
グループ6⑩_1_0,ｵﾗﾝｻﾞﾋﾟﾝ錠2.5mg｢ｱﾒﾙ｣
グループ1⑦_2_2,ｴｸｾｸﾞﾗﾝ錠100mg
グループ5⑤_1_0,ｲﾝｳﾞｪｶﾞ錠3mg
グループ5③_1_4,ｵｷｻﾄﾐﾄﾞ錠30mg｢CH｣
グループ11⑦_1_15,ｶﾙﾌﾞﾛｯｸ錠8mg
グループ14⑦_1_9,ｾﾝﾉｼﾄﾞ錠12mg｢ｻﾝﾄﾞ｣
グループ5②_1_0,ｲﾙﾍﾞｻﾙﾀﾝ錠100mg｢JG｣
グループ13⑦_1_1,ｸﾞﾘﾐｸﾛﾝHA錠20mg
グループ9⑧_2_3,ｱｾﾄｱﾐﾉﾌｪﾝ錠200mg｢ﾃﾊﾞ｣
グループ13⑪_1_4,ｸﾛﾋﾟﾄﾞｸﾞﾚﾙ錠75mg｢SANIK｣,ｸﾛﾋﾟﾄﾞｸﾞﾚﾙ錠75mg｢SANIK｣
グループ10⑦_1_17,ｿﾞﾆｻﾐﾄﾞ錠100mg｢ｱﾒﾙ｣
グループ10②_2_3,ｴﾅﾗﾌﾟﾘﾙﾏﾚｲﾝ酸塩錠10mg｢TCK｣
グループ3②_2_0,ｱﾑﾛｼﾞﾋﾟﾝ錠2.5mg｢YD｣
グループ9⑥_1_3,ｴｸﾒｯﾄ配合錠HD
グループ12⑤_1_5,ｼﾞｺﾞｷｼﾝ錠0.125mg｢AFP｣ 
グループ1⑦_1_8,ｴﾝﾃｶﾋﾞﾙ錠0.5mg「CMX」
グループ7⑦_1_2,ｱｼﾞﾙﾊﾞ錠20mg
グループ9①_2_2,ｱｾﾄｱﾐﾉﾌｪﾝ錠200mg｢ﾃﾊﾞ｣
グループ7⑩_1_1,ｱﾛﾁﾉﾛｰﾙ塩酸塩錠5mg｢ｻﾜｲ｣
グループ1⑩_1_8,ｴｽﾜﾝﾀｲﾎｳ配合OD錠T25
グループ11③_1_4,ｶﾞｽｺﾝ錠80mg
グループ11①_1_2,ｶﾙｼﾄﾘｵｰﾙｶﾌﾟｾﾙ0.5μg｢ﾄｰﾜ｣
グループ10①_2_0,ATP腸溶錠20mg｢AFP｣
グループ7⑦_2_12,ｱﾛﾌﾟﾘﾉｰﾙ錠100mg｢ｻﾜｲ｣
グループ7⑨_2_6,ｱﾑﾛｼﾞﾋﾟﾝOD錠「ｻﾜｲ」5mg
グループ7①_2_0,ｱﾑﾛｼﾞﾋﾟﾝ錠5mg｢明治｣
グループ9⑪_2_6,ｴﾘｷｭｰｽ錠5mg
グループ6⑪_1_3,ｱﾓｷｼｼﾘﾝｶﾌﾟｾﾙ250mg｢日医工｣
グループ10⑪_2_8,ｿﾞﾃﾋﾟﾝ錠100mg｢ﾀｶﾀ｣
グループ1⑪_2_3,ｴｾﾞﾁﾐﾌﾞ錠10mg｢DSEP｣
グループ8④_2_1,ｱﾀﾞﾗｰﾄｶﾌﾟｾﾙ10mg
グループ2⑤_1_2,ｵｰﾈｽSP配合ｶﾌﾟｾﾙ
グループ10⑦_2_17,NEｿﾌﾄｶﾌﾟｾﾙ200mg
グループ1⑪_1_8,ｴﾘｽﾛｼﾝ錠200mg
グループ14⑤_2_6,ｾﾞｽﾄﾘﾙ錠10
グループ7④_1_4,ｱﾛﾌﾟﾘﾉｰﾙ錠100mg｢ｻﾜｲ｣
グループ12⑤_2_1,ｼﾛｽﾀｿﾞｰﾙOD錠50mg｢ｻﾜｲ｣
グループ11⑥_1_1,ｶﾙｼﾄﾘｵｰﾙｶﾌﾟｾﾙ0.25μg｢ﾄｰﾜ｣
グループ13⑤_1_8,ｸｴﾁｱﾋﾟﾝ錠100mg｢ｻﾜｲ｣,ｼﾞｬﾃﾞｨｱﾝｽ錠10mg
グループ6⑤_1_9,ｵﾒﾌﾟﾗｿﾞｰﾙ錠20mg｢ｱﾒﾙ｣
グループ12③_2_4,ｼﾛﾄﾞｼﾝOD錠4mg｢DSEP｣
グループ13⑨_1_1,ｸﾛﾋﾟﾄﾞｸﾞﾚﾙ錠75mg｢ｻﾜｲ｣,ｸﾛﾋﾟﾄﾞｸﾞﾚﾙ錠75mg｢ｻﾜｲ｣
グループ2⑪_2_6,ｴﾄﾄﾞﾗｸ錠100mg「日医工」
グループ9③_2_0,ｴﾝﾃｶﾋﾞﾙ錠0.5mg「ｻﾝﾄﾞ」
グループ10⑩_1_2,ｿﾞﾃﾋﾟﾝ錠25mg｢ﾖｼﾄﾐ｣
グループ8⑤_1_6,ｱｺﾌｧｲﾄﾞ錠100mg
グループ6⑤_1_2,ｵﾗﾝｻﾞﾋﾟﾝOD錠1.25mg｢ｱﾒﾙ｣
グループ11⑩_1_1,ｶﾙﾎﾞｼｽﾃｲﾝ錠500mg｢ﾃﾊﾞ｣
グループ4②_2_3,ｱﾄﾙﾊﾞｽﾀﾁﾝ錠10mg｢ｻﾝﾄﾞ｣
グループ7④_2_0,ｱﾛﾁﾉﾛｰﾙ塩酸塩錠5mg｢ｻﾜｲ｣
グループ7⑤_2_0,ｱﾛﾁﾉﾛｰﾙ塩酸塩錠5mg｢ｻﾜｲ｣
グループ8③_2_3,ｱﾛﾌﾟﾘﾉｰﾙ錠100mg｢ｹﾐﾌｧ｣
グループ1③_1_1,ｴﾘｽﾛﾏｲｼﾝ錠200mg｢ｻﾜｲ｣
グループ4⑪_1_0,ｱﾙﾌｧｶﾙｼﾄﾞｰﾙｶﾌﾟｾﾙ0.5μg｢日医工｣
グループ5⑦_2_15,ｵﾙﾒｻﾙﾀﾝOD錠40mg｢DSEP｣
グループ3①_2_1,ｱﾛﾌﾟﾘﾉｰﾙ錠100mg｢杏林｣
グループ6②_1_1,ｵﾙﾒﾃｯｸOD錠5mg
グループ4⑦_2_11,ｱﾏﾝﾀｼﾞﾝ塩酸塩錠50mg｢ｻﾜｲ｣
グループ3⑦_1_9,ｱﾃﾉﾛｰﾙ錠25mg｢日新｣
グループ5⑤_2_5,ｲｽｺﾁﾝ錠100mg 
グループ4②_2_1,ｱﾑﾛｼﾞﾋﾟﾝOD錠5mg｢杏林｣
グループ11⑪_1_5,ｶﾙﾎﾞｼｽﾃｲﾝ錠250mg｢TCK｣
グループ5⑧_1_7,ｲﾙｱﾐｸｽ配合錠HD｢三和｣
グループ2①_2_3,ｳﾙｿﾃﾞｵｷｼｺｰﾙ酸錠100mg｢ﾃﾊﾞ｣
グループ10⑨_1_5,ｴﾅﾗﾌﾟﾘﾙﾏﾚｲﾝ酸塩錠5mg｢ｻﾜｲ｣
グループ13⑤_2_1,ｸﾛﾋﾟﾄﾞｸﾞﾚﾙ錠75mg｢SANIK｣,ｸﾛﾋﾟﾄﾞｸﾞﾚﾙ錠75mg｢SANIK｣
グループ8⑪_1_2,ｱﾌﾟﾚｿﾞﾘﾝ錠10mg
グループ3⑦_1_6,ｱﾛﾌﾟﾘﾉｰﾙ錠100mg｢ﾂﾙﾊﾗ｣
グループ4⑥_1_5,ｱﾄﾙﾊﾞｽﾀﾁﾝ錠5mg｢ｻﾝﾄﾞ｣
グループ3②_1_4,50mgｱﾘﾅﾐﾝF糖衣錠
グループ4⑥_1_0,ｱﾑﾛｼﾞﾋﾟﾝ錠2.5mg｢ﾄｰﾜ｣
グループ3⑧_1_9,ｱｷﾈﾄﾝ錠1mg
グループ3⑪_1_3,ｱﾛﾌﾟﾘﾉｰﾙ錠100mg｢ﾂﾙﾊﾗ｣
グループ4⑥_2_9,ｱﾑﾛｼﾞﾋﾟﾝOD錠5mg｢杏林｣
グループ10⑩_2_2,ｴﾊﾟﾙﾚｽﾀｯﾄ錠50mg｢武田ﾃﾊﾞ｣
グループ13②_2_2,ｸﾞﾘﾒﾋﾟﾘﾄﾞ錠1mg｢EMEC｣
グループ12⑥_2_3,ｼﾙﾆｼﾞﾋﾟﾝ錠10mg｢ｻﾜｲ｣
グループ13⑦_1_4,ｸﾞﾘﾍﾞﾝｸﾗﾐﾄﾞ錠1.25mg｢武田ﾃﾊﾞ｣
グループ9④_1_2,ｴﾊﾟﾛｰｽｶﾌﾟｾﾙ300mg
グループ4⑨_1_2,ｲﾝﾃﾊﾞﾝSP25
グループ9①_1_2,ｱﾑﾛｼﾞﾋﾟﾝOD錠10mg｢武田ﾃﾊﾞ｣
グループ4⑩_2_3,L-ｱｽﾊﾟﾗｷﾞﾝ酸Ca錠200mg｢ｻﾜｲ｣
グループ1⑧_2_1,ｴﾘｽﾛﾏｲｼﾝ錠200mg｢ｻﾜｲ｣
グループ7⑩_2_6,ｱﾛﾌﾟﾘﾉｰﾙ錠100mg｢ｻﾜｲ｣
グループ13⑩_1_5,ｸﾞﾘﾍﾞﾝｸﾗﾐﾄﾞ錠1.25mg｢武田ﾃﾊﾞ｣
グループ14⑩_2_9,ｾﾝﾉｼﾄﾞ錠12mg｢ｻﾝﾄﾞ｣
グループ1⑩_1_9,ｴｽﾜﾝﾀｲﾎｳ配合OD錠T25
グループ11⑦_1_4,ｶﾙﾎﾞｼｽﾃｲﾝ錠250mg｢ｻﾜｲ｣
グループ6③_1_1,ｵﾙﾒｻﾙﾀﾝOD錠5mg｢ﾆﾌﾟﾛ｣
グループ3⑥_2_7,ｱﾑﾛｼﾞﾋﾟﾝ錠2.5mg｢ｻﾝﾄﾞ｣
グループ1⑥_2_9,ｴﾅﾗﾌﾟﾘﾙﾏﾚｲﾝ酸塩錠5mg｢TCK｣
グループ4⑤_2_9,ｱｽﾊﾟﾗｶﾘｳﾑ錠300mg
グループ6②_1_4,ｵﾒﾌﾟﾗｿﾞｰﾙ錠20mg｢ｱﾒﾙ｣
グループ7⑩_1_0,ｱｲﾋﾟｰﾃﾞｨｶﾌﾟｾﾙ50
グループ3⑧_1_1,ｱﾍﾞﾏｲﾄﾞ錠250mg
グループ10⑥_2_6,ｴﾋﾞﾘﾌｧｲ錠1mg
グループ10⑤_2_2,ｿﾌｨｱC配合錠
グループ12④_2_3,ｼﾞｬﾃﾞｨｱﾝｽ錠10mg
グループ4⑨_2_6,ｲﾝﾃﾊﾞﾝSP25
グループ1②_1_0,ｴﾁｿﾞﾗﾑ錠0.5mg「EMEC」
グループ10⑩_1_7,ｿﾞﾃﾋﾟﾝ錠100mg｢ﾖｼﾄﾐ｣
グループ1⑦_2_16,ｴﾅﾗﾌﾟﾘﾙﾏﾚｲﾝ酸塩錠2.5mg｢ﾄｰﾜ｣  
グループ5⑦_1_6,ｲﾙﾍﾞｻﾙﾀﾝ錠200mg｢JG｣
グループ10⑩_2_5,ｿﾞﾋﾟｸﾛﾝ錠7.5mg｢杏林｣
グループ7⑦_1_1,ｱｲﾋﾟｰﾃﾞｨｶﾌﾟｾﾙ50
グループ14⑧_1_3,ｷﾈﾀﾞｯｸ錠50mg
グループ7①_1_4,ｱﾐﾃｨｰｻﾞｶﾌﾟｾﾙ12μg
グループ1⑧_1_4,ｴﾅﾗﾌﾟﾘﾙﾏﾚｲﾝ酸塩錠5mg｢ﾌｿｰ｣
グループ6④_1_3,ｱｽﾍﾞﾘﾝ錠20
グループ9⑦_1_1,ｴﾝﾃｶﾋﾞﾙ錠0.5mg「ﾌｧｲｻﾞｰ」
グループ4②_1_0,ｱﾙﾌｧｶﾙｼﾄﾞｰﾙｶﾌﾟｾﾙ0.5μg｢日医工｣
グループ12⑦_1_1,ｼﾛｽﾀｿﾞｰﾙOD錠50mg｢ｻﾜｲ｣
グループ11⑦_1_13,ｶﾙﾌｨｰﾅ錠0.25μg
グループ6⑥_1_2,ｱｼﾞｽﾛﾏｲｼﾝ250mg｢ﾀｶﾀ｣
グループ3⑤_2_8,ｱﾍﾞﾏｲﾄﾞ錠250mg
グループ12⑤_1_0,ｼﾝﾊﾞｽﾀﾁﾝ錠20mg｢武田ﾃﾊﾞ｣
グループ2⑨_2_6,ｳﾗﾘｯﾄ配合錠
グループ7⑦_2_1,ｱﾛﾁﾉﾛｰﾙ塩酸塩錠5mg｢ｻﾜｲ｣
グループ2⑤_2_5,ｴﾄﾄﾞﾗｸ錠100mg「日医工」
グループ12①_2_2,ｼﾞﾒﾁｺﾝ錠40mg｢ﾌｿｰ｣
グループ4③_1_2,ｱﾃﾞｶｯﾄ7.5mg錠
グループ14⑩_2_1,ｾﾝﾅﾘﾄﾞ錠12mg
グループ5②_2_0,ｲｺｻﾍﾟﾝﾄ酸ｴﾁﾙｶﾌﾟｾﾙ300mg｢YD｣
グループ5⑧_1_5,ｲｽｺﾁﾝ錠100mg 
グループ5④_2_0,ｵﾙｹﾃﾞｨｱ錠1mg,ｵﾒﾌﾟﾗｿﾞｰﾙ錠20mg｢ｱﾒﾙ｣
グループ12④_2_0,ｼﾛｽﾀｿﾞｰﾙOD錠50mg｢ｻﾜｲ｣
グループ9⑧_2_5,ｱﾑﾛｼﾞﾋﾟﾝOD錠10mg｢武田ﾃﾊﾞ｣
グループ11⑦_1_7,ｶﾙｼﾄﾘｵｰﾙｶﾌﾟｾﾙ0.5μg｢ﾄｰﾜ｣
グループ12①_1_3,ｼﾞﾒﾁｺﾝ錠40mg｢ﾌｿｰ｣
グループ3①_2_3,ｵﾛﾊﾟﾀｼﾞﾝ塩酸塩錠5mg｢YD｣
グループ3⑨_2_7,ｱﾝﾌﾞﾛｷｿｰﾙ塩酸塩錠15mg｢ｻﾜｲ｣ 
グループ6④_1_0,ｱﾑﾊﾞﾛ配合OD錠「ﾄｰﾜ」
グループ5⑦_2_16,ｲｽｺﾁﾝ錠100mg 
グループ7④_1_1,ｱｲﾋﾟｰﾃﾞｨｶﾌﾟｾﾙ50
グループ8⑩_1_0,ｱｾﾄｱﾐﾉﾌｪﾝ錠500mg｢ﾏﾙｲｼ｣
グループ10⑦_2_13,ｿﾞﾃﾋﾟﾝ錠100mg｢ﾖｼﾄﾐ｣
グループ12②_2_4,硝酸ｲｿｿﾙﾋﾞﾄﾞ徐放錠20mg「ﾄｰﾜ」
グループ4⑧_2_7,ｱﾏﾘｰﾙ1mg錠
グループ10⑧_1_5,ｴﾚﾄﾘﾌﾟﾀﾝ錠20mg｢ｻﾝﾄﾞ｣
グループ9⑦_1_14,ｱﾑﾛｼﾞﾋﾟﾝOD錠10mg｢武田ﾃﾊﾞ｣
グループ5⑥_1_1,ｵﾙﾒｻﾙﾀﾝOD錠40mg｢DSEP｣
グループ1⑥_2_8,ｴﾘｽﾛﾏｲｼﾝ錠200mg｢ｻﾜｲ｣
グループ10⑤_1_5,ｿﾌｨｱC配合錠
グループ3⑧_1_3,ｱﾍﾞﾏｲﾄﾞ錠250mg
グループ13⑧_1_1,ｸﾞﾘﾍﾞﾝｸﾗﾐﾄﾞ錠1.25mg｢武田ﾃﾊﾞ｣
グループ5⑪_1_4,ｵﾒﾌﾟﾗｿﾞｰﾙ腸溶錠10mg｢武田ﾃﾊﾞ｣
グループ1⑤_1_4,ｴｸｾﾗｰｾﾞ配合錠
グループ11⑩_2_8,ｶﾙﾎﾞｼｽﾃｲﾝ錠250mg｢ｻﾜｲ｣
グループ6⑦_2_14,ｱﾙｼﾞｵｷｻ錠100mg｢あすか｣
グループ1⑪_1_0,ｴｾﾞﾁﾐﾌﾞ錠10mg｢DSEP｣
グループ1⑥_2_3,ｴﾚﾄﾘﾌﾟﾀﾝ錠20mg｢ﾄｰﾜ｣
グループ11④_1_3,ｶﾙﾎﾞｼｽﾃｲﾝ錠250mg｢ｻﾜｲ｣
グループ2④_1_4,ｳﾗﾘｯﾄ配合錠
グループ4⑦_1_13,ｱﾏﾘｰﾙ1mg錠
グループ1⑩_1_6,ｴｽﾜﾝﾀｲﾎｳ配合OD錠T20
グループ2⑨_1_4,ｳﾗﾘｯﾄ配合錠
グループ12⑧_2_1,ｼﾙﾆｼﾞﾋﾟﾝ錠10mg｢ｻﾜｲ｣
グループ4⑩_1_1,ｱｰﾁｽﾄ錠2.5mg
グループ8⑤_2_1,ｱｾﾄｱﾐﾉﾌｪﾝ錠500mg｢ﾏﾙｲｼ｣
グループ2⑦_2_16,ｳﾙｿ錠100mg
グループ8①_2_1,ｱﾀﾗｯｸｽ-Pｶﾌﾟｾﾙ50mg
グループ13①_2_2,ｸﾗﾘｽﾛﾏｲｼﾝ錠200mg｢CH｣ 
グループ7⑩_2_8,ｱﾑﾛｼﾞﾝOD錠2.5mg
グループ5⑨_2_8,ｲｺｻﾍﾟﾝﾄ酸ｴﾁﾙｶﾌﾟｾﾙ300mg｢YD｣,ｲｺｻﾍﾟﾝﾄ酸ｴﾁﾙｶﾌﾟｾﾙ300mg｢YD｣,ｲｺｻﾍﾟﾝﾄ酸ｴﾁﾙｶﾌﾟｾﾙ300mg｢YD｣,ｲｺｻﾍﾟﾝﾄ酸ｴﾁﾙｶﾌﾟｾﾙ300mg｢YD｣
グループ7⑤_1_1,ｱｲﾋﾟｰﾃﾞｨｶﾌﾟｾﾙ50
グループ10②_2_2,ｴﾍﾟﾘｿﾞﾝ塩酸塩錠50mg｢旭化成｣
グループ11⑩_2_5,ｶﾙﾍﾞｼﾞﾛｰﾙ錠1.25mg｢ｻﾜｲ｣
グループ5⑦_1_17,ｲﾌｪﾝﾌﾟﾛｼﾞﾙ酒石酸塩錠20mg｢あすか｣,ｳﾙｿﾃﾞｵｷｼｺｰﾙ酸錠100mg｢ﾄｰﾜ｣
グループ5①_1_1,ｲﾙｱﾐｸｽ配合錠HD｢三和｣
グループ11⑤_1_7,ｶﾙﾍﾞｼﾞﾛｰﾙ錠1.25mg｢ｻﾜｲ｣
グループ6⑪_1_2,ｱｽﾍﾞﾘﾝ錠20
グループ5④_1_3,ｵﾗﾝｻﾞﾋﾟﾝ錠2.5mg｢ﾆﾌﾟﾛ｣
グループ12⑤_2_7,ｼﾝﾊﾞｽﾀﾁﾝ錠20mg｢武田ﾃﾊﾞ｣
グループ11⑥_2_6,ｶﾙｼﾄﾘｵｰﾙｶﾌﾟｾﾙ0.5μg｢ﾄｰﾜ｣
グループ10⑥_2_2,ｴﾋﾞﾘﾌｧｲ錠3mg
グループ6⑤_2_1,ｵﾙﾒｻﾙﾀﾝ錠40mg「ﾆﾌﾟﾛ」
グループ6⑪_2_4,ｱﾓｷｼｼﾘﾝｶﾌﾟｾﾙ250mg｢日医工｣
グループ4⑦_1_17,ｱｽﾊﾟﾗｶﾘｳﾑ錠300mg
グループ11⑧_1_1,ｿﾞﾃﾋﾟﾝ錠50mg｢ﾖｼﾄﾐ｣
グループ9⑩_2_2,ｴﾝﾃｶﾋﾞﾙ錠0.5mg「JG」
グループ5⑦_1_15,ｲﾌｪﾝﾌﾟﾛｼﾞﾙ酒石酸塩錠10mg｢日医工｣
グループ4⑨_1_1,ｲﾙﾍﾞｻﾙﾀﾝOD錠200mg｢JG｣
グループ3⑧_2_3,ｱﾍﾞﾏｲﾄﾞ錠250mg
グループ13⑪_2_1,ｸﾞﾘﾒﾋﾟﾘﾄﾞ錠0.5mg｢ｻﾝﾄﾞ｣
グループ10④_2_1,ｿﾞﾆｻﾐﾄﾞ錠100mg｢ｱﾒﾙ｣
グループ2④_1_2,ｲﾐﾀﾞﾌﾟﾘﾙ塩酸塩錠2.5mg｢ｹﾐﾌｧ｣
グループ9⑦_1_6,ｴﾙﾃﾞｶﾙｼﾄｰﾙｶﾌﾟｾﾙ0.75μg｢ｻﾜｲ｣
グループ6⑦_2_2,ｵﾙﾒｻﾙﾀﾝOD錠20mg｢DSEP｣
グループ3⑪_2_6,ｱｷﾈﾄﾝ錠1mg
グループ14⑧_2_6,ｸﾞﾘﾒﾋﾟﾘﾄﾞ錠1mg｢ﾄｰﾜ｣
グループ8①_2_2,ｱﾀﾗｯｸｽ-Pｶﾌﾟｾﾙ50mg
グループ10⑨_2_1,ｴﾚﾄﾘﾌﾟﾀﾝ錠20mg｢TCK｣
グループ1⑩_2_0,ｴﾎﾁｰﾙ錠5mg
グループ10⑦_2_1,ｿﾞﾃﾋﾟﾝ錠25mg｢ﾖｼﾄﾐ｣
グループ1⑩_2_2,ｴﾎﾁｰﾙ錠5mg
グループ7③_2_1,ｱﾑﾛｼﾞﾋﾟﾝ錠2.5mg｢TCK｣
グループ5④_2_2,ｵﾒﾌﾟﾗｿﾞｰﾙ腸溶錠10mg｢武田ﾃﾊﾞ｣
グループ13④_1_4,ｸﾞﾘｸﾗｼﾞﾄﾞ錠20mg｢ｻﾜｲ｣
グループ10③_1_3,ｳﾙｿﾃﾞｵｷｼｺｰﾙ酸錠100mg｢ｻﾜｲ｣
グループ1①_2_0,ｴﾎﾁｰﾙ錠5mg
グループ5⑩_2_0,ｵﾙﾒｻﾙﾀﾝOD錠10mg｢DSEP｣
グループ6⑤_1_7,ｵﾛﾊﾟﾀｼﾞﾝ塩酸塩OD錠5mg｢日医工｣
グループ2③_2_1,ｴﾝﾃｶﾋﾞﾙ錠0.5mg「YD」
グループ5①_1_0,ｲﾙﾍﾞｻﾙﾀﾝ錠200mg｢JG｣
グループ14③_1_1,ｾﾚﾈｰｽ錠0.75mg,ｱｷﾈﾄﾝ錠1mg
グループ14⑤_1_3,ｾﾌｼﾞﾄﾚﾝﾋﾟﾎﾞｷｼﾙ錠100mg｢ﾄｰﾜ｣
グループ13⑤_2_9,ｸﾞﾘｸﾗｼﾞﾄﾞ錠20mg｢ｻﾜｲ｣
グループ2⑤_1_1,ｲﾙﾍﾞｻﾙﾀﾝ錠50mg｢JG｣
グループ4⑥_1_4,ｲﾝﾃﾊﾞﾝSP25
グループ4⑤_1_9,ｱｶﾙﾎﾞｰｽOD錠50mg｢ﾌｧｲｻﾞｰ｣
グループ10⑦_2_7,ｴﾍﾟﾘｿﾞﾝ塩酸塩錠50mg｢旭化成｣
グループ1⑥_1_5,ｴﾘｽﾛｼﾝ錠200mg
グループ12⑦_2_3,ｼﾞﾋﾟﾘﾀﾞﾓｰﾙ錠25mg｢JG｣
グループ2②_1_1,ｵｰﾈｽSP配合ｶﾌﾟｾﾙ
グループ7⑧_2_4,ｱﾃﾉﾛｰﾙ錠25mg｢ﾄｰﾜ｣
グループ6⑧_1_3,ｵﾒﾌﾟﾗｿﾞｰﾙ錠10｢SW｣ 10mg
グループ2④_1_1,ｲﾐﾀﾞﾌﾟﾘﾙ塩酸塩錠5mg｢ｻﾜｲ｣
グループ5⑩_2_3,ｵﾗﾝｻﾞﾋﾟﾝ錠1.25mg｢ｱﾒﾙ｣
グループ9⑨_2_4,ｴﾝﾃｶﾋﾞﾙ錠0.5mg「JG」
グループ9⑦_1_16,ｱﾒｼﾞﾆｳﾑﾒﾁﾙ硫酸塩錠10mg｢ﾄｰﾜ｣
グループ11①_1_3,ｿﾞﾃﾋﾟﾝ錠25mg｢ﾀｶﾀ｣
グループ14⑥_2_1,ｾﾘﾝｸﾛ錠10mg
グループ5⑦_2_11,ｲｺｻﾍﾟﾝﾄ酸ｴﾁﾙｶﾌﾟｾﾙ300mg｢YD｣
グループ5⑨_2_4,ｲﾙﾍﾞｻﾙﾀﾝ錠100mg｢JG｣
グループ3⑤_2_0,ｱﾑﾛｼﾞﾋﾟﾝ錠2.5mg｢YD｣
グループ4⑧_2_4,ｱﾃﾞｶｯﾄ7.5mg錠
グループ13⑧_1_8,ｸﾗﾘｽﾛﾏｲｼﾝ錠200mg｢CH｣ 
グループ1⑩_2_8,ｴｽﾜﾝﾀｲﾎｳ配合OD錠T25
グループ11②_1_3,ｶﾙﾍﾞｼﾞﾛｰﾙ錠10mg｢ｻﾜｲ｣
グループ14⑤_1_9,ｾﾘﾌﾟﾛﾛｰﾙ塩酸塩錠200mg｢ﾄｰﾜ｣
グループ14⑩_1_3,ｾﾌｼﾞﾄﾚﾝﾋﾟﾎﾞｷｼﾙ錠100mg｢ﾄｰﾜ｣
グループ4⑦_1_1,ｱﾙﾌｧｶﾙｼﾄﾞｰﾙｶﾌﾟｾﾙ0.5μg｢日医工｣
グループ4⑥_2_7,ｱﾄﾙﾊﾞｽﾀﾁﾝ錠5mg｢ｻﾝﾄﾞ｣
グループ7⑩_1_4,ｱｲﾋﾟｰﾃﾞｨｶﾌﾟｾﾙ50
グループ13④_1_2,ｸﾞﾘﾐｸﾛﾝHA錠20mg
グループ9①_2_1,ｱﾒｼﾞﾆｳﾑﾒﾁﾙ硫酸塩錠10mg｢ﾄｰﾜ｣
グループ6⑤_1_8,ｵﾙﾒｻﾙﾀﾝOD錠20mg｢DSEP｣
グループ2⑦_2_12,ｳﾙｿﾃﾞｵｷｼｺｰﾙ酸錠100mg｢ﾄｰﾜ｣
グループ2⑤_2_3,ｳﾙｿﾃﾞｵｷｼｺｰﾙ酸錠100mg｢JG｣
グループ4⑧_1_2,ｱﾑﾛｼﾞﾋﾟﾝ錠2.5mg｢ﾄｰﾜ｣
グループ14⑩_1_4,ｾﾝﾉｼﾄﾞ錠12mg｢ｻﾝﾄﾞ｣
グループ3⑨_1_3,一硝酸ｲｿｿﾙﾋﾞﾄﾞ錠20mg｢ｻﾜｲ｣
グループ1⑪_1_2,ｴﾘｽﾛｼﾝ錠200mg
グループ14⑨_1_7,ｾﾘﾝｸﾛ錠10mg
グループ5⑪_1_1,ｵﾙﾒｻﾙﾀﾝ錠10mg「三和」
グループ10⑦_1_7,ｿﾌｨｱC配合錠
グループ9⑪_1_6,ｴﾘｷｭｰｽ錠5mg
グループ8⑩_1_1,ｱﾑﾛｼﾞﾋﾟﾝOD錠5mg｢ﾌｧｲｻﾞｰ｣
グループ14⑩_1_5,ｾﾁﾛ配合錠
グループ10⑧_1_7,ｴﾅﾗﾌﾟﾘﾙﾏﾚｲﾝ酸塩錠10mg｢TCK｣
グループ12⑦_1_11,ｼﾞｮｻﾏｲｼﾝ錠50mg
グループ5②_2_3,ｲﾙﾍﾞｻﾙﾀﾝ錠100mg｢JG｣
グループ7⑦_1_5,ｱｼﾞﾙﾊﾞ錠40mg
グループ13⑥_1_2,ｸﾗﾘｽﾛﾏｲｼﾝ錠200mg｢CH｣ 
グループ1①_2_4,ｴｽﾜﾝﾀｲﾎｳ配合OD錠T25
グループ14⑪_2_8,ｾﾘﾌﾟﾛﾛｰﾙ塩酸塩錠200mg｢ﾄｰﾜ｣
グループ6⑩_2_0,ｵﾗﾝｻﾞﾋﾟﾝ錠2.5mg｢ｱﾒﾙ｣
グループ11①_2_1,ｶﾙｼﾄﾘｵｰﾙｶﾌﾟｾﾙ0.25μg｢ﾄｰﾜ｣
グループ7⑦_2_4,ｱﾛﾁﾉﾛｰﾙ塩酸塩錠5｢DSP｣
グループ7⑪_1_2,ｱﾑﾛｼﾞﾋﾟﾝ錠2.5mg｢TCK｣
グループ5⑩_1_3,ｵﾙﾒｻﾙﾀﾝOD錠40mg｢DSEP｣
グループ14⑦_2_17,ｾﾞｽﾄﾘﾙ錠10,ｾﾚﾈｰｽ錠0.75mg
グループ10⑤_1_2,ｳﾙｿﾃﾞｵｷｼｺｰﾙ酸錠100mg｢ｻﾜｲ｣
グループ1⑦_2_13,ｴｸｾﾗｰｾﾞ配合錠
グループ1⑥_1_9,ｴﾅﾗﾌﾟﾘﾙﾏﾚｲﾝ酸塩錠5mg｢ﾌｿｰ｣
グループ11⑪_1_2,ｶﾑｼｱ配合錠HD「ﾄｰﾜ」
グループ6③_1_3,ｱﾝﾌﾞﾛｷｿｰﾙ塩酸塩錠15mg｢日医工｣
グループ6④_2_3,ｱｽﾍﾞﾘﾝ錠20
グループ14⑧_1_9,ｸﾞﾘﾒﾋﾟﾘﾄﾞ錠1mg｢ﾀﾅﾍﾞ｣
グループ7⑤_1_5,ｱｼﾞﾙﾊﾞ錠40mg
グループ9⑤_2_5,ｴﾙﾃﾞｶﾙｼﾄｰﾙｶﾌﾟｾﾙ0.75μg｢ｻﾜｲ｣
グループ7⑪_1_8,ｱｼﾞﾙﾊﾞ錠20mg
グループ9⑦_1_10,ｴﾘｷｭｰｽ錠5mg
グループ6⑥_1_6,ｱﾙｼﾞｵｷｻ錠100mg｢あすか｣
グループ4⑨_2_1,ｲﾝﾃﾊﾞﾝSP25
グループ13⑦_2_9,ｼﾝﾊﾞｽﾀﾁﾝ錠10mg｢武田ﾃﾊﾞ｣
グループ2⑦_1_0,ｲﾝｳﾞｪｶﾞ錠6mg
グループ9⑦_2_1,ｴﾊﾟﾛｰｽｶﾌﾟｾﾙ300mg
グループ13②_1_0,ｸﾞﾘﾒﾋﾟﾘﾄﾞ錠1mg｢EMEC｣
グループ12⑥_1_0,ｼﾞｸﾛﾌｪﾅｸNa徐放ｶﾌﾟｾﾙ37.5mg｢ﾄｰﾜ｣
グループ1⑧_2_7,ｴﾘｽﾛﾏｲｼﾝ錠200mg｢ｻﾜｲ｣
グループ13⑦_1_0,ｸﾞﾘﾒﾋﾟﾘﾄﾞ錠0.5mg｢ｻﾝﾄﾞ｣
グループ14⑧_1_8,ｸｴﾁｱﾋﾟﾝ錠100mg｢ﾃﾊﾞ｣
グループ3⑦_2_16,ｴﾅﾗﾌﾟﾘﾙﾏﾚｲﾝ酸塩錠5mg｢MEEK｣
グループ4⑪_2_3,ｱﾛﾌﾟﾘﾉｰﾙ錠100mg｢DSP｣
グループ1⑨_2_5,ｴｸｾﾗｰｾﾞ配合錠
グループ4⑦_2_15,ｱﾄﾙﾊﾞｽﾀﾁﾝ錠10mg｢ｻﾝﾄﾞ｣
グループ3①_1_4,ｵﾛﾊﾟﾀｼﾞﾝ塩酸塩錠5mg｢YD｣
グループ8②_1_3,ｱﾙﾌｧｶﾙｼﾄﾞｰﾙｶﾌﾟｾﾙ0.25μg｢あすか｣
グループ11⑥_1_2,ｶﾙﾌｨｰﾅ錠0.5μg(ﾏﾙﾎ)
グループ6④_2_1,ｱｼﾞｽﾛﾏｲｼﾝ250mg｢ﾀｶﾀ｣,ｱｼﾞｽﾛﾏｲｼﾝ250mg｢ﾀｶﾀ｣
グループ1④_1_1,ｴｸｾｸﾞﾗﾝ錠100mg
グループ14⑪_1_9,ｾﾘﾌﾟﾛﾛｰﾙ塩酸塩錠200mg｢ﾄｰﾜ｣
グループ12⑥_2_0,ｼﾞﾋﾟﾘﾀﾞﾓｰﾙ錠12.5mg｢JG｣
グループ7⑦_2_0,ｱﾄﾙﾊﾞｽﾀﾁﾝ錠5mg｢KN｣
グループ7⑧_2_1,ｱｼﾞﾚｸﾄ錠1mg
グループ4⑤_2_0,ｱｰﾁｽﾄ錠2.5mg
グループ3⑩_2_6,ｱｼﾞﾚｸﾄ錠0.5mg
グループ12③_2_3,ｼﾝﾊﾞｽﾀﾁﾝ錠20mg｢武田ﾃﾊﾞ｣
グループ4⑦_2_19,ｱｽﾊﾟﾗｶﾘｳﾑ錠300mg
グループ1⑤_2_2,ｴﾝﾃｶﾋﾞﾙ錠0.5mg「CMX」
グループ4⑨_2_9,ｱﾛﾌﾟﾘﾉｰﾙ錠100mg｢ﾀｶﾀ｣
グループ4⑪_1_7,ｱﾏﾝﾀｼﾞﾝ塩酸塩錠50mg｢ｻﾜｲ｣
グループ4③_2_2,ｱﾃﾞｶｯﾄ7.5mg錠
グループ3④_1_0,ｱﾑﾛｼﾞﾋﾟﾝ錠2.5mg｢ｻﾝﾄﾞ｣
グループ2⑩_2_4,硝酸ｲｿｿﾙﾋﾞﾄﾞ徐放ｶﾌﾟｾﾙ20mg｢St｣
グループ11⑪_2_9,ｶﾞｽｺﾝ錠80mg
グループ10⑦_2_8,ｴﾅﾗﾌﾟﾘﾙﾏﾚｲﾝ酸塩錠10mg｢TCK｣
グループ8⑪_1_3,ｱｽﾄﾐﾝ錠10mg
グループ12⑥_2_7,ｼﾞﾒﾁｺﾝ錠40mg｢ﾌｿｰ｣
グループ4⑤_1_2,ｱﾑﾛｼﾞﾋﾟﾝOD錠5mg｢杏林｣
グループ3⑩_1_2,ｱｸﾄｽ錠15 
グループ11⑤_1_2,ｶﾙﾌｨｰﾅ錠0.25μg
グループ3⑨_2_1,ﾑｺﾌﾞﾘﾝ錠15mg
グループ13⑥_1_1,ｸﾞﾘﾒﾋﾟﾘﾄﾞ錠1mg｢EMEC｣
グループ9④_1_0,ｴﾝﾃｶﾋﾞﾙ錠0.5mg「ﾌｧｲｻﾞｰ」
グループ7⑪_1_4,ｱﾛﾌﾟﾘﾉｰﾙ錠100mg｢ﾃﾊﾞ｣
グループ6⑨_1_0,ｵﾙﾒﾃｯｸOD錠5mg
グループ2⑩_1_6,ｳﾙｿﾃﾞｵｷｼｺｰﾙ酸錠100mg｢ﾃﾊﾞ｣
グループ9⑪_1_3,ｴﾊﾟﾛｰｽｶﾌﾟｾﾙ300mg
グループ13⑩_1_8,ｸﾞﾘｸﾗｼﾞﾄﾞ錠20mg｢ｻﾜｲ｣
グループ4⑦_1_5,ｲﾝﾃﾊﾞﾝSP25
グループ8⑪_2_3,ｱﾛﾌﾟﾘﾉｰﾙ錠100mg｢ｹﾐﾌｧ｣
グループ8⑤_1_1,ｱｽﾄﾐﾝ錠10mg
グループ4③_2_3,ｱﾄﾙﾊﾞｽﾀﾁﾝ錠5mg｢ｻﾝﾄﾞ｣
グループ5⑪_1_7,ｵﾛﾊﾟﾀｼﾞﾝ塩酸塩錠2.5mg「NPI」
グループ12⑩_1_8,ｼﾛｽﾀｿﾞｰﾙ錠50mg｢JG｣
グループ4⑧_2_5,ｱﾝﾌﾞﾛｷｿｰﾙ塩酸塩錠15mg｢ﾄｰﾜ｣
グループ13⑧_2_8,ｸﾛﾗﾑﾌｪﾆｺｰﾙ腟錠100mg｢F｣
グループ1⑦_2_10,ｴﾘｽﾛｼﾝ錠200mg
グループ13①_1_0,ｸﾛﾌｨﾌﾞﾗｰﾄｶﾌﾟｾﾙ250mg｢ﾂﾙﾊﾗ｣,ｸﾛﾌｨﾌﾞﾗｰﾄｶﾌﾟｾﾙ250mg｢ﾂﾙﾊﾗ｣
グループ4⑧_2_9,ｱﾏﾘｰﾙ1mg錠
グループ2⑦_1_8,ｴﾝﾃｶﾋﾞﾙ錠0.5mg「YD」
グループ13④_2_1,ｸﾞﾘﾍﾞﾝｸﾗﾐﾄﾞ錠1.25mg｢武田ﾃﾊﾞ｣
グループ3⑧_1_6,ｱﾛﾌﾟﾘﾉｰﾙ錠100mg｢杏林｣
グループ1③_1_0,ｴﾍﾟﾘｿﾞﾝ塩酸塩錠50mg｢ﾄｰﾜ｣
グループ9⑪_2_9,ｴｸｾﾗｰｾﾞ配合錠
グループ8②_2_1,ｱﾄﾙﾊﾞｽﾀﾁﾝ錠5mg｢EE｣
グループ14⑤_1_5,ｾﾀﾌﾟﾘﾙ錠50mg
グループ3⑩_1_9,ｱｷﾈﾄﾝ錠1mg
グループ2⑥_1_6,ｴﾝﾃｶﾋﾞﾙ錠0.5mg「EE」
グループ12⑨_1_3,ｼﾙﾆｼﾞﾋﾟﾝ錠20mg｢ｻﾜｲ｣
グループ10⑦_2_4,ｴﾊﾟﾙﾚｽﾀｯﾄ錠50mg｢武田ﾃﾊﾞ｣
グループ6①_1_1,ｵﾙﾒｻﾙﾀﾝ錠40mg「ﾆﾌﾟﾛ」
グループ12⑩_1_1,ｼﾞｴﾉｹﾞｽﾄ錠1mg「F」
グループ14①_1_0,ｷﾈﾀﾞｯｸ錠50mg
グループ11⑪_1_4,ｶﾞｽｺﾝ錠80mg
グループ11⑩_2_4,ｶﾑｼｱ配合錠LD「ﾄｰﾜ」
グループ13⑪_2_5,ｸﾞｰﾌｨｽ錠5mg
グループ9④_1_4,ｴｸｾﾗｰｾﾞ配合錠
グループ12⑧_1_5,ｶﾙｺｰﾊﾟ配合錠L100
グループ7③_2_4,ｱﾛﾌﾟﾘﾉｰﾙ錠100mg｢ﾃﾊﾞ｣
グループ11⑧_2_5,ｶﾙｼﾄﾘｵｰﾙｶﾌﾟｾﾙ0.25μg｢ﾄｰﾜ｣
グループ4⑥_1_7,ｲﾆｼﾝｸ配合錠
グループ7②_1_1,ｱﾄﾙﾊﾞｽﾀﾁﾝ錠5mg｢DSEP｣
グループ4⑧_2_0,ｱﾑﾛｼﾞﾋﾟﾝ錠2.5mg｢ﾄｰﾜ｣
グループ2⑩_2_1,ｲﾝｳﾞｪｶﾞ錠6mg
グループ13⑧_1_7,ｸﾗﾘｽﾛﾏｲｼﾝ錠200mg｢CH｣ 
グループ3⑦_1_4,ｱｿﾞｾﾐﾄﾞ錠60mg｢JG｣
グループ7⑧_2_7,ｱﾃﾉﾛｰﾙ錠25mg｢ﾄｰﾜ｣
グループ14⑪_2_9,ｾﾞｽﾄﾘﾙ錠10
グループ4⑨_1_9,ｱﾛﾌﾟﾘﾉｰﾙ錠100mg｢ﾀｶﾀ｣
グループ12⑥_1_3,ｼﾍﾞﾉｰﾙ錠50mg
グループ6⑤_2_7,ｵﾛﾊﾟﾀｼﾞﾝ塩酸塩OD錠5mg｢日医工｣
グループ7⑧_2_6,ｱﾐﾃｨｰｻﾞｶﾌﾟｾﾙ12μg
グループ7⑪_2_2,ｱﾑﾛｼﾞﾋﾟﾝ錠2.5mg｢TCK｣
グループ7⑨_1_0,ｱﾄﾙﾊﾞｽﾀﾁﾝ錠5mg｢DSEP｣
グループ13⑪_2_7,ｸﾞｰﾌｨｽ錠5mg
グループ3⑨_2_4,ｱｷﾈﾄﾝ錠1mg
グループ13⑥_1_8,ｸｴﾁｱﾋﾟﾝ錠200mg｢EE｣
グループ7⑪_2_8,ｱﾛﾌﾟﾘﾉｰﾙ錠100mg｢ﾃﾊﾞ｣
グループ2⑦_2_11,ｲﾝｳﾞｪｶﾞ錠6mg
グループ1⑩_2_6,ｴｽﾜﾝﾀｲﾎｳ配合OD錠T20
グループ6⑧_1_0,ｵﾙﾒｻﾙﾀﾝOD錠5mg｢日医工｣
グループ4⑦_1_2,ｱﾑﾛｼﾞﾋﾟﾝ錠2.5mg｢ﾄｰﾜ｣
グループ2⑥_2_5,ｲﾐﾀﾞﾌﾟﾘﾙ塩酸塩錠5mg｢ｻﾜｲ｣
グループ10③_1_1,ｿﾞﾃﾋﾟﾝ錠25mg｢ﾖｼﾄﾐ｣
グループ1⑦_1_2,ｴｾﾞﾁﾐﾌﾞ錠10mg｢DSEP｣
グループ13⑦_2_7,ｸﾞﾘﾒﾋﾟﾘﾄﾞ錠1mg｢杏林｣
グループ13⑦_1_14,ｸｴﾁｱﾋﾟﾝ錠100mg｢ｻﾜｲ｣
グループ9⑩_1_0,ｴﾝﾃｶﾋﾞﾙ錠0.5mg「ﾄｰﾜ」
グループ4⑩_2_0,ｱｰﾁｽﾄ錠2.5mg
グループ6⑩_1_1,ｱﾝﾌﾞﾛｷｿｰﾙ塩酸塩錠15mg｢日医工｣
グループ7⑪_1_6,ｱｼﾞﾙﾊﾞ錠40mg
グループ11⑦_2_16,ｶﾙｼﾄﾘｵｰﾙｶﾌﾟｾﾙ0.25μg｢ﾄｰﾜ｣
グループ13⑪_1_9,ｸｴﾁｱﾋﾟﾝ錠100mg｢ｻﾜｲ｣
グループ12⑦_2_18,ｼﾞｬﾃﾞｨｱﾝｽ錠10mg
グループ3⑪_1_5,ｱﾛﾌﾟﾘﾉｰﾙ錠100mg｢ﾂﾙﾊﾗ｣
グループ9⑥_2_4,ｴﾝﾃｶﾋﾞﾙ錠0.5mg「ﾄｰﾜ」
グループ1⑨_1_6,ｴｸｾﾗｰｾﾞ配合錠
グループ2⑦_1_18,ｳﾗﾘｯﾄ配合錠
グループ14⑤_2_0,ｾﾀﾌﾟﾘﾙ錠50mg
グループ3⑨_2_6,ﾑｺﾌﾞﾘﾝ錠15mg
グループ5⑦_2_3,ｲﾙﾍﾞｻﾙﾀﾝ錠200mg｢JG｣
グループ11②_2_3,ｶﾙﾍﾞｼﾞﾛｰﾙ錠10mg｢ｻﾜｲ｣
グループ13⑩_2_7,ｸﾞﾘﾒﾋﾟﾘﾄﾞ錠1mg｢杏林｣
グループ8④_1_3,ｱﾀﾞﾗｰﾄｶﾌﾟｾﾙ10mg
グループ1⑧_2_8,ｴﾅﾗﾌﾟﾘﾙﾏﾚｲﾝ酸塩錠2.5mg｢ﾄｰﾜ｣  
グループ14⑥_1_3,ｾﾘﾝｸﾛ錠10mg
グループ4③_1_0,ｱﾝﾌﾞﾛｷｿｰﾙ塩酸塩錠15mg｢ﾄｰﾜ｣
グループ1⑨_1_3,ｴﾝﾃｶﾋﾞﾙ錠0.5mg「CMX」
グループ6⑪_1_1,ｱﾑﾊﾞﾛ配合OD錠「ﾄｰﾜ」
グループ8⑩_2_5,ｱﾀﾞﾗｰﾄｶﾌﾟｾﾙ10mg
グループ8⑩_1_8,ｱｺﾌｧｲﾄﾞ錠100mg
グループ11③_1_3,ｶﾙﾎﾞｼｽﾃｲﾝ錠250mg｢TCK｣
グループ12③_2_2,ｼﾞｴﾉｹﾞｽﾄ錠1mg「F」
グループ3⑨_1_5,ｱﾝﾌﾞﾛｷｿｰﾙ塩酸塩錠15mg｢ｻﾜｲ｣ 
グループ14⑩_2_8,ｾﾝﾉｼﾄﾞ錠12mg｢ｻﾝﾄﾞ｣
グループ4⑦_2_5,ｱｰﾁｽﾄ錠2.5mg
グループ9⑤_2_2,ｴﾊﾟﾗｶﾌﾟｾﾙ300
グループ6⑪_2_6,ｱｽﾍﾞﾘﾝ錠20
グループ9⑩_1_1,ｴﾌｨｴﾝﾄOD錠20mg
グループ10④_1_2,ｿﾌｨｱC配合錠
グループ2⑤_2_6,ｳﾙｿ錠100mg
グループ3①_1_5,ｱﾍﾞﾏｲﾄﾞ錠250mg
グループ7⑩_1_2,ｱﾄﾙﾊﾞｽﾀﾁﾝ錠5mg｢KN｣
グループ3⑦_1_12,ｴﾅﾗﾌﾟﾘﾙﾏﾚｲﾝ酸塩錠5mg｢MEEK｣
グループ10⑦_2_11,ｴﾝﾃｶﾋﾞﾙ錠0.5mg「武田ﾃﾊﾞ」
グループ12⑤_1_2,ｼﾞｮｻﾏｲｼﾝ錠50mg
グループ7⑪_2_3,ｱｼﾞﾙﾊﾞ錠40mg
グループ2③_1_3,ｴﾝﾃｶﾋﾞﾙ錠0.5mg「EE」
グループ10⑦_2_5,ｳﾙｿﾃﾞｵｷｼｺｰﾙ酸錠100mg｢ｻﾜｲ｣
グループ14③_1_0,ｾﾀﾌﾟﾘﾙ錠50mg
グループ7⑨_2_7,ｱﾑﾛｼﾞﾋﾟﾝOD錠「ｻﾜｲ」5mg
グループ11⑨_1_7,ｶﾙﾍﾞｼﾞﾛｰﾙ錠10mg｢ｻﾜｲ｣
グループ14⑧_2_3,ｸﾞﾘﾒﾋﾟﾘﾄﾞ錠1mg｢ﾀﾅﾍﾞ｣
グループ4⑦_1_16,ｱｶﾙﾎﾞｰｽOD錠50mg｢ﾌｧｲｻﾞｰ｣
グループ14②_2_0,ｾﾚﾈｰｽ錠3mg
グループ3⑥_2_8,ｱﾑﾛｼﾞﾋﾟﾝOD錠5mg｢武田ﾃﾊﾞ｣
グループ4③_1_3,ｱﾏﾘｰﾙ1mg錠
グループ10①_2_2,NEｿﾌﾄｶﾌﾟｾﾙ200mg
グループ2⑦_1_15,ｴﾝﾃｶﾋﾞﾙ錠0.5mg「YD」
グループ6⑧_2_5,ｵﾒﾌﾟﾗｿﾞｰﾙ錠10｢SW｣ 10mg
グループ9⑪_1_8,ｴｸｾﾗｰｾﾞ配合錠
グループ9⑪_1_5,ｴﾘｷｭｰｽ錠5mg
グループ10⑤_2_3,ｴﾝﾃｶﾋﾞﾙ錠0.5mg「武田ﾃﾊﾞ」
グループ9②_1_0,ｴﾙﾃﾞｶﾙｼﾄｰﾙｶﾌﾟｾﾙ0.75μg｢ｻﾜｲ｣
グループ14⑥_1_8,ｸﾞﾘﾒﾋﾟﾘﾄﾞ錠1mg｢ﾀﾅﾍﾞ｣
グループ4⑩_2_1,ｱｰﾁｽﾄ錠2.5mg
グループ9⑦_2_4,ｴﾝﾃｶﾋﾞﾙ錠0.5mg「KN」
グループ2⑨_2_7,ｳﾗﾘｯﾄ配合錠
グループ11⑦_1_3,ｶﾑｼｱ配合錠LD「ﾄｰﾜ」
グループ10⑥_1_1,ｴﾚﾄﾘﾌﾟﾀﾝ錠20mg｢TCK｣
グループ7①_2_3,ｱｼﾞﾚｸﾄ錠1mg
グループ14⑦_2_2,ｾﾚｺｷｼﾌﾞ錠100mg｢ｻﾜｲ｣
グループ14⑨_1_0,ｾﾙﾄﾗﾘﾝ錠25mg｢ﾆﾌﾟﾛ｣
グループ13⑤_1_4,ｸﾛﾙﾌﾟﾛﾊﾟﾐﾄﾞ錠250mg｢KN｣
グループ12⑤_1_7,ｼﾞｴﾉｹﾞｽﾄ錠1mg「F」
グループ6⑧_1_1,ｵﾙﾒｻﾙﾀﾝOD錠5mg｢日医工｣
グループ11⑥_1_5,ｶﾙｼﾄﾘｵｰﾙｶﾌﾟｾﾙ0.5μg｢ﾄｰﾜ｣
グループ4⑥_1_9,ｲｰｹﾌﾟﾗ錠250mg
グループ14④_2_4,ｾﾁﾛ配合錠
グループ5⑧_2_4,ｲｽｺﾁﾝ錠100mg 
グループ5⑦_1_19,ｲﾙｱﾐｸｽ配合錠HD｢三和｣
グループ2⑩_2_0,硝酸ｲｿｿﾙﾋﾞﾄﾞ徐放ｶﾌﾟｾﾙ20mg｢St｣
グループ14⑤_2_1,ｾﾝﾅﾘﾄﾞ錠12mg
グループ3②_2_1,一硝酸ｲｿｿﾙﾋﾞﾄﾞ錠20mg｢ｻﾜｲ｣
グループ5②_1_1,ｲｺｻﾍﾟﾝﾄ酸ｴﾁﾙｶﾌﾟｾﾙ300mg｢YD｣
グループ3⑩_2_7,ｱﾑﾊﾞﾛ配合錠｢ｻﾝﾄﾞ｣
グループ4⑧_2_2,ｱﾑﾛｼﾞﾋﾟﾝ錠2.5mg｢ﾄｰﾜ｣
グループ6②_1_2,ｵﾙﾒｻﾙﾀﾝ錠20mg「日医工」
グループ14⑪_2_6,ｼﾝﾊﾞｽﾀﾁﾝ錠10mg｢武田ﾃﾊﾞ｣
グループ10⑤_2_0,ｿﾞﾃﾋﾟﾝ錠25mg｢ﾖｼﾄﾐ｣
グループ2⑨_2_9,ｳﾗﾘｯﾄ配合錠
グループ13⑩_2_6,ｸﾞﾘｸﾗｼﾞﾄﾞ錠20mg｢ｻﾜｲ｣,ｸﾞﾘﾐｸﾛﾝHA錠20mg
グループ13⑨_2_9,ｸﾛﾋﾟﾄﾞｸﾞﾚﾙ錠75mg｢ｻﾜｲ｣,ｸﾛﾋﾟﾄﾞｸﾞﾚﾙ錠75mg｢ｻﾜｲ｣
グループ1⑦_1_9,ｴﾅﾗﾌﾟﾘﾙﾏﾚｲﾝ酸塩錠2.5mg｢ﾄｰﾜ｣  
グループ14⑦_1_0,ｾﾛｹﾝL錠120mg
グループ4③_2_0,ｱﾑﾛｼﾞﾋﾟﾝ錠2.5mg｢ﾄｰﾜ｣
グループ13⑥_1_7,ｸｴﾁｱﾋﾟﾝ錠200mg｢明治｣
グループ12⑩_2_5,ｼﾛﾄﾞｼﾝOD錠4mg｢DSEP｣
グループ5⑦_1_18,ｲｽｺﾁﾝ錠100mg
グループ14⑧_1_0,ｸﾞﾘﾒﾋﾟﾘﾄﾞ錠1mg｢ﾀﾅﾍﾞ｣,ｸﾞﾘﾒﾋﾟﾘﾄﾞ錠1mg｢EMEC｣
グループ7⑦_2_16,ｱｼﾞﾙﾊﾞ錠40mg
グループ9⑨_1_1,ｴﾝﾃｶﾋﾞﾙ錠0.5mg「ﾄｰﾜ」
グループ3①_1_3,一硝酸ｲｿｿﾙﾋﾞﾄﾞ錠20mg｢ｻﾜｲ｣
グループ14⑦_1_13,ｾﾘﾌﾟﾛﾛｰﾙ塩酸塩錠200mg｢ﾄｰﾜ｣
グループ2⑩_2_3,ｲﾙﾍﾞｻﾙﾀﾝ錠50mg｢JG｣
グループ1⑧_1_5,ｴﾅﾗﾌﾟﾘﾙﾏﾚｲﾝ酸塩錠5mg｢TCK｣
グループ1⑨_2_7,ｴｸｾﾗｰｾﾞ配合錠
グループ14⑧_1_2,ｷﾈﾀﾞｯｸ錠50mg
グループ7④_1_0,ｱｲﾋﾟｰﾃﾞｨｶﾌﾟｾﾙ50
グループ12①_1_1,ｼﾙﾆｼﾞﾋﾟﾝ錠10mg｢ｻﾜｲ｣
グループ13⑤_1_1,ｸﾛﾋﾟﾄﾞｸﾞﾚﾙ錠75mg｢SANIK｣,ｸﾛﾋﾟﾄﾞｸﾞﾚﾙ錠75mg｢SANIK｣
グループ10⑧_1_0,ｿﾞﾃﾋﾟﾝ錠25mg｢ﾖｼﾄﾐ｣
グループ2⑪_2_9,ｴﾄﾄﾞﾗｸ錠100mg「日医工」
グループ9①_1_0,ｴﾝﾃｶﾋﾞﾙ錠0.5mg「ﾀｶﾀ」
グループ6①_2_1,ｵﾒﾌﾟﾗｿﾞｰﾙ錠10｢SW｣ 10mg
グループ13⑩_2_8,ｸﾞﾘｸﾗｼﾞﾄﾞ錠20mg｢ｻﾜｲ｣
グループ3③_1_2,ｱｸﾄｽ錠15 
グループ14⑦_2_7,ｾﾙﾄﾗﾘﾝ錠25mg｢YD｣
グループ12⑨_1_6,ｼﾒﾁｼﾞﾝ錠400mg｢TCK｣
グループ10④_2_4,ｿﾌｨｱC配合錠
グループ7⑦_2_7,ｱﾃﾉﾛｰﾙ錠25mg｢ﾄｰﾜ｣
グループ2⑦_1_3,ｲﾙﾍﾞﾀﾝ錠50mg
グループ2⑩_2_6,ｲﾝｳﾞｪｶﾞ錠6mg
グループ2⑦_1_2,ｵｲｸﾞﾙｺﾝ錠2.5mg
グループ4④_2_3,ｲﾆｼﾝｸ配合錠
グループ5⑩_2_1,ｵﾙﾒｻﾙﾀﾝOD錠10mg｢DSEP｣
グループ5⑦_1_4,ｲｺｻﾍﾟﾝﾄ酸ｴﾁﾙｶﾌﾟｾﾙ300mg｢YD｣,ｲｺｻﾍﾟﾝﾄ酸ｴﾁﾙｶﾌﾟｾﾙ300mg｢YD｣,ｲｺｻﾍﾟﾝﾄ酸ｴﾁﾙｶﾌﾟｾﾙ300mg｢YD｣,ｲｺｻﾍﾟﾝﾄ酸ｴﾁﾙｶﾌﾟｾﾙ300mg｢YD｣
グループ11⑥_1_6,ｶﾙﾍﾞｼﾞﾛｰﾙ錠10mg｢ｻﾜｲ｣
グループ3⑤_2_6,50mgｱﾘﾅﾐﾝF糖衣錠
グループ9⑩_2_5,ｴﾊﾟﾛｰｽｶﾌﾟｾﾙ300mg
グループ5⑧_1_6,ｲｽｺﾁﾝ錠100mg 
グループ12⑦_2_1,ｼﾛｽﾀｿﾞｰﾙ錠50mg｢JG｣
グループ5⑤_1_2,ｲﾐﾀﾞﾌﾟﾘﾙ塩酸塩錠5mg｢ｹﾐﾌｧ｣
グループ4⑩_1_0,ｱｰﾁｽﾄ錠2.5mg
グループ6⑦_1_8,ｱﾝﾌﾞﾛｷｿｰﾙ塩酸塩錠15mg｢日医工｣
グループ7①_1_0,ｱﾑﾛｼﾞﾋﾟﾝ錠5mg｢明治｣
グループ11⑪_1_0,ｶﾙﾅｸﾘﾝ錠50
グループ14⑪_1_0,ｾﾀﾌﾟﾘﾙ錠50mg
グループ8⑥_1_2,ｱﾄﾙﾊﾞｽﾀﾁﾝ錠10mg｢DSEP｣
グループ14⑤_2_3,ｾﾌｼﾞﾄﾚﾝﾋﾟﾎﾞｷｼﾙ錠100mg｢ﾄｰﾜ｣
グループ4⑥_2_0,ｲﾙﾍﾞｻﾙﾀﾝOD錠200mg｢JG｣
グループ14⑥_2_2,ｸﾞﾘﾒﾋﾟﾘﾄﾞ錠1mg｢ﾄｰﾜ｣,ｸﾞﾘﾒﾋﾟﾘﾄﾞ錠1mg｢EMEC｣
グループ14⑨_2_2,ｾﾚﾈｰｽ錠3mg
グループ3⑥_1_5,ｱﾃﾉﾛｰﾙ錠25mg｢日新｣
グループ14⑨_2_7,ｾﾘﾝｸﾛ錠10mg
グループ6⑧_1_2,ｵﾙﾒｻﾙﾀﾝ錠40mg「ﾆﾌﾟﾛ」
グループ7⑤_2_3,ｱｼﾞﾙﾊﾞ錠40mg
グループ3⑪_1_4,ｱﾃﾉﾛｰﾙ錠25mg｢日新｣
グループ13⑦_2_2,ｸﾛﾌｨﾌﾞﾗｰﾄｶﾌﾟｾﾙ250mg｢ﾂﾙﾊﾗ｣,ｸﾛﾌｨﾌﾞﾗｰﾄｶﾌﾟｾﾙ250mg｢ﾂﾙﾊﾗ｣
グループ7④_2_4,ｱﾑﾛｼﾞﾝOD錠2.5mg
グループ13⑩_1_1,ｸﾞﾘﾒﾋﾟﾘﾄﾞ錠1mg｢杏林｣
グループ11⑪_1_6,ｶﾙﾌｨｰﾅ錠0.25μg
グループ13⑦_1_15,ｸﾞﾘｸﾗｼﾞﾄﾞ錠20mg｢ｻﾜｲ｣
グループ12⑦_1_3,ｼﾞﾋﾟﾘﾀﾞﾓｰﾙ錠25mg｢JG｣
グループ12④_1_2,ｼﾛｽﾀｿﾞｰﾙ錠50mg｢JG｣
グループ10⑪_1_2,ｿﾞﾃﾋﾟﾝ錠25mg｢ﾖｼﾄﾐ｣
グループ4⑨_1_0,ｲﾙﾍﾞｻﾙﾀﾝOD錠200mg｢JG｣
グループ12⑩_1_0,ｼﾞｴﾉｹﾞｽﾄ錠1mg「F」
グループ7⑧_1_2,ｱﾃﾉﾛｰﾙ錠25mg｢ﾄｰﾜ｣
グループ8⑩_2_8,ｱｾﾄｱﾐﾉﾌｪﾝ錠500mg｢ﾏﾙｲｼ｣
グループ5①_2_2,ｵｷｻﾄﾐﾄﾞ錠30mg｢CH｣
グループ4⑨_1_8,L-ｱｽﾊﾟﾗｷﾞﾝ酸Ca錠200mg｢ｻﾜｲ｣
グループ4⑦_2_10,ｲｰｹﾌﾟﾗ錠250mg
グループ4⑧_1_4,ｱﾄﾙﾊﾞｽﾀﾁﾝ錠5mg｢ｻﾝﾄﾞ｣
グループ11⑦_2_3,ｶﾙﾎﾞｼｽﾃｲﾝ錠500mg｢ﾃﾊﾞ｣
グループ6⑥_2_6,ｱｽﾍﾞﾘﾝ錠20
グループ5⑩_1_5,ｵﾙﾒｻﾙﾀﾝOD錠10mg｢DSEP｣
グループ1②_1_1,ｴﾝﾃｶﾋﾞﾙ錠0.5mg「CMX」
グループ12①_2_4,ｶﾙｺｰﾊﾟ配合錠L100
グループ5⑧_2_6,ｲﾙｱﾐｸｽ配合錠HD｢三和｣
グループ2⑪_2_2,ｵｰﾈｽSP配合ｶﾌﾟｾﾙ
グループ5①_2_0,ｲﾙﾍﾞｻﾙﾀﾝ錠200mg｢JG｣
グループ6⑨_2_7,ｵﾒﾌﾟﾗｿﾞｰﾙ錠20mg｢ｱﾒﾙ｣
グループ1⑩_2_1,ｴﾍﾟﾘｿﾞﾝ塩酸塩錠50mg｢日医工｣
グループ8④_2_0,ｱﾑﾛｼﾞﾋﾟﾝOD錠5mg｢ﾌｧｲｻﾞｰ｣
グループ5⑩_2_4,ｵﾙﾒｻﾙﾀﾝOD錠40mg｢DSEP｣
グループ7⑨_2_1,ｱﾘﾋﾟﾌﾟﾗｿﾞｰﾙ錠3mg｢ﾖｼﾄﾐ｣
グループ4⑧_1_3,ｱﾃﾞｶｯﾄ7.5mg錠
グループ9⑦_1_8,ｱｾﾄｱﾐﾉﾌｪﾝ錠200mg｢ﾃﾊﾞ｣
グループ13④_1_1,ｸﾞﾘﾍﾞﾝｸﾗﾐﾄﾞ錠1.25mg｢武田ﾃﾊﾞ｣
グループ14⑦_2_5,ｾﾝﾅﾘﾄﾞ錠12mg
グループ2⑦_1_13,ｵﾛﾊﾟﾀｼﾞﾝ塩酸塩錠5mg「NPI」
グループ14⑦_1_16,ｾﾞｽﾄﾘﾙ錠10
グループ14⑩_2_0,ｾﾚｺｷｼﾌﾞ錠100mg｢ｻﾜｲ｣
グループ2⑥_2_1,ｵｲｸﾞﾙｺﾝ錠2.5mg
グループ2⑦_1_1,ｲﾙﾍﾞｻﾙﾀﾝ錠50mg｢JG｣
グループ10⑦_1_3,ｿﾞﾋﾟｸﾛﾝ錠7.5mg｢杏林｣
グループ4⑩_2_6,ｱｶﾙﾎﾞｰｽOD錠50mg｢ﾌｧｲｻﾞｰ｣
グループ6①_1_2,ｵﾒﾌﾟﾗｿﾞｰﾙ錠10｢SW｣ 10mg
グループ7⑨_2_3,ｱﾄﾙﾊﾞｽﾀﾁﾝ錠5mg｢DSEP｣
グループ7⑤_1_8,ｱﾛﾌﾟﾘﾉｰﾙ錠100mg｢ﾃﾊﾞ｣
グループ13⑧_2_4,ｸﾗﾘｽﾛﾏｲｼﾝ錠200mg｢CH｣ 
グループ10⑨_1_4,ｴﾅﾗﾌﾟﾘﾙﾏﾚｲﾝ酸塩錠5mg｢ｻﾜｲ｣
グループ9⑨_1_2,ｴﾙﾃﾞｶﾙｼﾄｰﾙｶﾌﾟｾﾙ0.75μg｢ｻﾜｲ｣
グループ10⑥_2_4,NEｿﾌﾄｶﾌﾟｾﾙ200mg
グループ12⑤_1_4,ｼﾛｽﾀｿﾞｰﾙ錠50mg｢JG｣
グループ7⑥_2_6,ｱﾛﾌﾟﾘﾉｰﾙ錠100mg｢ﾀﾅﾍﾞ｣
グループ10⑤_2_4,ｿﾞﾋﾟｸﾛﾝ錠7.5mg｢杏林｣
グループ1⑪_2_1,ｴﾚﾄﾘﾌﾟﾀﾝ錠20mg｢ﾄｰﾜ｣
グループ4⑦_2_12,ｱﾛﾌﾟﾘﾉｰﾙ錠100mg｢ﾀｶﾀ｣
グループ7⑤_2_2,ｱﾑﾛｼﾞﾋﾟﾝ錠2.5mg｢TCK｣
グループ9⑦_2_2,ｴﾝﾃｶﾋﾞﾙ錠0.5mg「ﾌｧｲｻﾞｰ」
グループ6⑦_1_1,ｵﾙﾒｻﾙﾀﾝOD錠5mg｢日医工｣
グループ11①_1_1,ｶﾙｼﾄﾘｵｰﾙｶﾌﾟｾﾙ0.25μg｢ﾄｰﾜ｣
グループ5⑦_2_6,ｵﾙｹﾃﾞｨｱ錠2mg
グループ13⑧_2_5,ｸﾗﾘｽﾛﾏｲｼﾝ錠200mg｢CH｣ 
グループ10⑦_1_12,ｿﾞﾃﾋﾟﾝ錠100mg｢ﾀｶﾀ｣
グループ13⑦_1_12,ｸﾞﾘﾒﾋﾟﾘﾄﾞ錠1mg｢EMEC｣
グループ14⑩_2_2,ｾﾝﾉｼﾄﾞ錠12mg｢ｻﾝﾄﾞ｣
グループ2⑪_2_3,ｳﾙｿﾃﾞｵｷｼｺｰﾙ酸錠100mg｢ﾄｰﾜ｣
グループ4①_1_0,ｱｰﾁｽﾄ錠2.5mg
グループ6⑪_2_5,ｱｼﾞｽﾛﾏｲｼﾝ250mg｢ﾀｶﾀ｣
グループ2⑦_1_17,ｳﾙｿﾃﾞｵｷｼｺｰﾙ酸錠100mg｢ﾃﾊﾞ｣
グループ3⑪_2_0,ｱﾃﾉﾛｰﾙ錠25mg｢日新｣
グループ8⑤_1_0,ｱﾑﾛｼﾞﾋﾟﾝOD錠5mg｢ﾌｧｲｻﾞｰ｣
グループ3③_1_1,ｱﾝﾌﾞﾛｷｿｰﾙ塩酸塩錠15mg｢ZE｣
グループ3⑪_1_0,ｱｿﾞｾﾐﾄﾞ錠60mg｢JG｣
グループ11⑦_2_8,ｶﾞｽｺﾝ錠80mg
グループ9④_2_2,ｴﾘｷｭｰｽ錠5mg
グループ2⑪_1_0,ｳﾙｿﾃﾞｵｷｼｺｰﾙ酸錠100mg｢JG｣
グループ3⑤_1_7,ｱﾝﾌﾞﾛｷｿｰﾙ塩酸塩錠15mg｢ｻﾜｲ｣ 
グループ1⑧_2_2,ｴﾍﾟﾘｿﾞﾝ塩酸塩錠50mg｢ﾄｰﾜ｣
グループ10⑦_1_0,ｴﾝﾃｶﾋﾞﾙOD錠0.5mg「ｻﾜｲ」
グループ11⑨_2_6,ｶﾙﾍﾞｼﾞﾛｰﾙ錠10mg｢ｻﾜｲ｣
グループ9⑨_2_3,ｴﾃﾞｨﾛｰﾙｶﾌﾟｾﾙ0.75μg
グループ8⑪_2_8,ｱﾙｼﾞｵｷｻ錠100mg｢KN｣
グループ4⑧_1_8,ｱﾃﾞｶｯﾄ7.5mg錠
グループ11⑦_1_2,ｿﾞﾃﾋﾟﾝ錠50mg｢ﾖｼﾄﾐ｣
グループ10⑩_1_6,ｿﾞﾆｻﾐﾄﾞ錠100mg｢ｱﾒﾙ｣
グループ11⑩_1_6,ｶﾙﾎﾞｼｽﾃｲﾝ錠250mg｢ｻﾜｲ｣
グループ13⑥_2_2,ｸﾛﾋﾟﾄﾞｸﾞﾚﾙ錠75mg｢ｻﾜｲ｣,ｸﾛﾋﾟﾄﾞｸﾞﾚﾙ錠75mg｢ｻﾜｲ｣
グループ13⑦_1_2,ｸﾛﾌｨﾌﾞﾗｰﾄｶﾌﾟｾﾙ250mg｢ﾂﾙﾊﾗ｣,ｸﾛﾌｨﾌﾞﾗｰﾄｶﾌﾟｾﾙ250mg｢ﾂﾙﾊﾗ｣
グループ13⑨_2_5,ｸｴﾁｱﾋﾟﾝ錠200mg｢EE｣
グループ10⑪_1_0,ｿﾀｺｰﾙ錠40mg
グループ10⑪_2_6,ｳﾙｿﾃﾞｵｷｼｺｰﾙ酸錠100mg｢ｻﾜｲ｣
グループ5④_1_4,ｵﾛﾊﾟﾀｼﾞﾝ塩酸塩錠2.5mg「NPI」
グループ4⑩_1_4,ｱｶﾙﾎﾞｰｽOD錠50mg｢ﾌｧｲｻﾞｰ｣
グループ14⑨_1_8,ｾﾞｽﾄﾘﾙ錠10
グループ4⑤_1_0,ｱｰﾁｽﾄ錠2.5mg
グループ8⑪_1_6,ｱﾙｼﾞｵｷｻ錠100mg｢KN｣
グループ11⑧_2_0,ｿﾞﾃﾋﾟﾝ錠50mg｢ﾖｼﾄﾐ｣
グループ1⑧_2_5,ｴﾅﾗﾌﾟﾘﾙﾏﾚｲﾝ酸塩錠5mg｢TCK｣
グループ7⑥_2_3,ｱﾑﾛｼﾞﾋﾟﾝ錠5mg｢明治｣
グループ5⑦_1_1,ｵﾙｹﾃﾞｨｱ錠2mg
グループ14⑪_1_1,ｾﾀﾌﾟﾘﾙ錠50mg
グループ10⑪_1_4,ｳﾙｿﾃﾞｵｷｼｺｰﾙ酸錠100mg｢ｻﾜｲ｣
グループ5⑦_2_7,ｵﾗﾝｻﾞﾋﾟﾝ錠1.25mg｢ｱﾒﾙ｣
グループ13⑪_1_2,ｸﾛﾋﾟﾄﾞｸﾞﾚﾙ錠75mg｢SANIK｣,ｸﾛﾋﾟﾄﾞｸﾞﾚﾙ錠75mg｢SANIK｣
グループ6⑩_1_8,ｵﾙﾒｻﾙﾀﾝOD錠5mg｢ﾆﾌﾟﾛ｣
グループ7⑨_1_6,ｱﾑﾛｼﾞﾋﾟﾝOD錠「ｻﾜｲ」5mg
グループ1⑦_1_1,ｴﾄﾄﾞﾗｸ錠200mg「日医工」
グループ4⑥_2_5,ｲﾆｼﾝｸ配合錠
グループ3③_1_0,ｱﾃﾉﾛｰﾙ錠25mg｢ﾌｧｲｻﾞｰ｣
グループ11⑧_2_4,ｶﾙｼﾄﾘｵｰﾙｶﾌﾟｾﾙ0.5μg｢ﾄｰﾜ｣
グループ5⑩_1_6,ｵﾙﾒｻﾙﾀﾝOD錠40mg｢DSEP｣
グループ8⑪_1_4,ｱｽﾄﾐﾝ錠10mg
グループ2⑪_1_1,ｵｰﾈｽSP配合ｶﾌﾟｾﾙ
グループ10②_1_1,ｴﾍﾟﾘｿﾞﾝ塩酸塩錠50mg｢旭化成｣
グループ2⑪_2_5,ｳﾙｿﾃﾞｵｷｼｺｰﾙ酸錠100mg｢ﾃﾊﾞ｣
グループ1⑧_2_3,ｴﾅﾗﾌﾟﾘﾙﾏﾚｲﾝ酸塩錠5mg｢ﾌｿｰ｣
グループ11⑦_2_0,ｿﾞﾃﾋﾟﾝ錠50mg｢ﾖｼﾄﾐ｣
グループ9⑦_1_15,ｴｸﾒｯﾄ配合錠LD
グループ2⑨_1_2,ｲﾐﾀﾞﾌﾟﾘﾙ塩酸塩錠2.5mg｢ｹﾐﾌｧ｣
グループ5⑦_1_7,ｵﾗﾝｻﾞﾋﾟﾝOD錠2.5mg「日医工」
グループ2⑤_2_8,ｳﾙｿ錠100mg
グループ1⑥_2_2,ｴﾅﾗﾌﾟﾘﾙﾏﾚｲﾝ酸塩錠5mg｢ﾌｿｰ｣
グループ4⑧_2_6,ｱﾃﾞｶｯﾄ7.5mg錠
グループ10⑦_1_4,ｴﾚﾄﾘﾌﾟﾀﾝ錠20mg｢TCK｣
グループ9④_2_0,ｴﾊﾟﾛｰｽｶﾌﾟｾﾙ300mg
グループ2⑩_1_4,ｲﾝｳﾞｪｶﾞ錠6mg
グループ4⑥_1_2,ｱﾏﾘｰﾙ1mg錠
グループ13⑦_2_10,ｸﾛﾙﾌﾟﾛﾊﾟﾐﾄﾞ錠250mg｢KN｣
グループ10⑪_1_5,ｳﾙｿﾃﾞｵｷｼｺｰﾙ酸錠100mg｢ｻﾜｲ｣
グループ10⑦_2_12,ｴﾅﾗﾌﾟﾘﾙﾏﾚｲﾝ酸塩錠5mg｢ｻﾜｲ｣
グループ8⑪_2_2,ｱｽﾄﾐﾝ錠10mg
グループ10①_2_1,ｴﾚﾄﾘﾌﾟﾀﾝ錠20mg｢ｻﾝﾄﾞ｣
グループ11②_2_0,球形吸着炭ｶﾌﾟｾﾙ286mg｢日医工｣
グループ3⑦_1_17,ｵﾛﾊﾟﾀｼﾞﾝ塩酸塩錠5mg｢YD｣
グループ2⑥_2_4,ｲﾐﾀﾞﾌﾟﾘﾙ塩酸塩錠2.5mg｢ｹﾐﾌｧ｣
グループ13②_2_4,ｸﾘｱﾐﾝ配合錠A1.0
グループ2⑤_2_7,硝酸ｲｿｿﾙﾋﾞﾄﾞ徐放ｶﾌﾟｾﾙ20mg｢St｣
グループ3⑪_2_8,ｱﾑﾛｼﾞﾋﾟﾝOD錠5mg｢武田ﾃﾊﾞ｣
グループ7⑦_1_11,ｱｼﾞﾚｸﾄ錠1mg
グループ3⑤_2_5,ｴﾅﾗﾌﾟﾘﾙﾏﾚｲﾝ酸塩錠5mg｢MEEK｣
グループ3⑩_1_6,ｱﾑﾊﾞﾛ配合錠｢ｻﾝﾄﾞ｣
グループ4⑤_1_3,L-ｱｽﾊﾟﾗｷﾞﾝ酸Ca錠200mg｢ｻﾜｲ｣
グループ4⑦_1_0,ｲﾙﾍﾞｻﾙﾀﾝOD錠200mg｢JG｣
グループ7④_2_3,ｱﾛﾌﾟﾘﾉｰﾙ錠100mg｢ｻﾜｲ｣
グループ1⑤_2_3,ｴﾁｿﾞﾗﾑ錠0.5mg「EMEC」,ｴﾁｿﾞﾗﾑ錠0.5mg「EMEC」
グループ6⑤_1_0,ｵﾙﾒﾃｯｸOD錠5mg
グループ1⑪_2_8,ｴﾊﾞﾐｰﾙ錠1.0
グループ5⑩_1_4,ｵﾗﾝｻﾞﾋﾟﾝ錠1.25mg｢ｱﾒﾙ｣
グループ3⑦_1_13,ｱｼﾞﾚｸﾄ錠0.5mg
グループ10⑦_1_5,ｴﾅﾗﾌﾟﾘﾙﾏﾚｲﾝ酸塩錠10mg｢TCK｣
グループ13⑦_2_4,ｸﾞｰﾌｨｽ錠5mg
グループ14⑩_1_1,ｾﾌｼﾞﾄﾚﾝﾋﾟﾎﾞｷｼﾙ錠100mg｢ﾄｰﾜ｣
グループ14①_2_1,ｸﾞﾘｸﾗｼﾞﾄﾞ錠40mg｢ｻﾜｲ｣
グループ10③_1_2,ｴﾝﾃｶﾋﾞﾙ錠0.5mg「武田ﾃﾊﾞ」
グループ10⑦_1_1,ATP腸溶錠20mg｢AFP｣
グループ6⑦_2_11,ｵﾛﾊﾟﾀｼﾞﾝ塩酸塩OD錠5mg｢日医工｣
グループ6③_2_0,ｵﾗﾝｻﾞﾋﾟﾝ錠2.5mg｢ｱﾒﾙ｣
グループ6⑩_2_7,ｱﾙｼﾞｵｷｻ錠100mg｢あすか｣
グループ12⑥_2_4,ｼﾙﾆｼﾞﾋﾟﾝ錠20mg｢ｻﾜｲ｣
グループ1⑥_1_4,ｴﾘｽﾛﾏｲｼﾝ錠200mg｢ｻﾜｲ｣
グループ8⑥_2_4,ｱﾄﾙﾊﾞｽﾀﾁﾝ錠5mg「Me」
グループ3⑥_2_1,ｱｸﾄｽ錠15 
グループ3⑧_1_8,ｴﾅﾗﾌﾟﾘﾙﾏﾚｲﾝ酸塩錠5mg｢MEEK｣
グループ7⑤_2_7,ｱﾑﾛｼﾞﾝOD錠2.5mg
グループ4①_2_1,ｱｽﾊﾟﾗｶﾘｳﾑ錠300mg
グループ1⑩_1_2,ｴﾎﾁｰﾙ錠5mg
グループ4②_1_4,ｱﾛﾌﾟﾘﾉｰﾙ錠100mg｢DSP｣
グループ10①_2_3,ｴﾋﾞﾘﾌｧｲ錠1mg
グループ9⑩_2_9,ｴﾌｨｴﾝﾄOD錠20mg
グループ2⑧_1_3,ｵｲｸﾞﾙｺﾝ錠2.5mg
グループ11⑥_2_4,ｶﾙｼﾄﾘｵｰﾙｶﾌﾟｾﾙ0.25μg｢ﾄｰﾜ｣
グループ12⑦_2_5,ｼﾝﾊﾞｽﾀﾁﾝ錠10mg「杏林」
グループ12⑤_1_1,ｼﾝﾊﾞｽﾀﾁﾝ錠10mg「杏林」
グループ4⑩_2_5,ｱｶﾙﾎﾞｰｽOD錠50mg｢ﾌｧｲｻﾞｰ｣
グループ2⑤_1_3,ｲﾝｳﾞｪｶﾞ錠6mg
グループ13⑩_2_4,ｸﾞﾘﾍﾞﾝｸﾗﾐﾄﾞ錠1.25mg｢武田ﾃﾊﾞ｣
グループ1⑩_2_3,ｴﾎﾁｰﾙ錠5mg
グループ11⑦_2_7,ｶﾙｼﾄﾘｵｰﾙｶﾌﾟｾﾙ0.5μg｢ﾄｰﾜ｣
グループ2⑦_2_7,ｲﾙﾍﾞｻﾙﾀﾝ錠50mg｢JG｣
グループ9⑨_2_6,ｴｸﾒｯﾄ配合錠LD
グループ9③_2_3,ｴｸﾒｯﾄ配合錠LD
グループ4③_2_4,ｱﾝﾌﾞﾛｷｿｰﾙ塩酸塩錠15mg｢ﾄｰﾜ｣
グループ4⑪_1_2,ｱﾏﾝﾀｼﾞﾝ塩酸塩錠50mg｢ｻﾜｲ｣
グループ10⑦_2_6,ｿﾞﾋﾟｸﾛﾝ錠7.5mg｢杏林｣
グループ3⑪_1_6,ｱﾃﾉﾛｰﾙ錠25mg｢日新｣
グループ6⑦_2_3,ｵﾙﾒﾃｯｸOD錠5mg
グループ10④_2_2,ｴﾍﾟﾘｿﾞﾝ塩酸塩錠50mg｢旭化成｣
グループ9⑨_2_2,ｴﾝﾃｶﾋﾞﾙ錠0.5mg「KN」
グループ8⑥_2_6,ｱﾌﾟﾚｿﾞﾘﾝ錠10mg
グループ1④_1_0,ｴｾﾞﾁﾐﾌﾞ錠10mg｢DSEP｣
グループ10⑥_1_6,ｴﾅﾗﾌﾟﾘﾙﾏﾚｲﾝ酸塩錠5mg｢ｻﾜｲ｣
グループ7⑪_1_3,ｱﾛﾁﾉﾛｰﾙ塩酸塩錠5｢DSP｣
グループ12⑦_2_2,ｼﾞｸﾛﾌｪﾅｸNa徐放ｶﾌﾟｾﾙ37.5mg｢ﾄｰﾜ｣
グループ10⑤_1_6,ｴﾝﾃｶﾋﾞﾙ錠0.5mg「武田ﾃﾊﾞ」
グループ4③_2_1,ｱﾏﾘｰﾙ1mg錠
グループ13③_2_1,ｸﾞﾘﾒﾋﾟﾘﾄﾞ錠0.5mg｢ｻﾝﾄﾞ｣
グループ5⑧_2_7,ｲﾙｱﾐｸｽ配合錠HD｢三和｣
グループ11②_2_2,ｶﾙﾌﾞﾛｯｸ錠8mg
グループ9⑤_2_6,ｴｸﾒｯﾄ配合錠LD
グループ8①_2_0,ｱﾌﾟﾚｿﾞﾘﾝ錠10mg
グループ11⑦_2_6,ｶﾙﾌｨｰﾅ錠0.25μg
グループ1③_2_4,ｴﾅﾗﾌﾟﾘﾙﾏﾚｲﾝ酸塩錠5mg｢ﾌｿｰ｣
グループ12⑥_1_2,ｼﾞﾋﾟﾘﾀﾞﾓｰﾙ錠25mg｢JG｣
グループ9⑦_1_12,ｴｸｾﾗｰｾﾞ配合錠
グループ6⑩_1_3,ｱﾙｼﾞｵｷｻ錠100mg｢あすか｣
グループ2⑤_1_5,ｳﾙｿﾃﾞｵｷｼｺｰﾙ酸錠100mg｢JG｣
グループ14⑧_2_2,ｷﾈﾀﾞｯｸ錠50mg
グループ3⑤_1_4,ｱﾍﾞﾏｲﾄﾞ錠250mg
グループ13⑪_2_4,ｸﾛﾋﾟﾄﾞｸﾞﾚﾙ錠75mg｢SANIK｣,ｸﾛﾋﾟﾄﾞｸﾞﾚﾙ錠75mg｢SANIK｣
グループ1⑥_2_5,ｴﾅﾗﾌﾟﾘﾙﾏﾚｲﾝ酸塩錠2.5mg｢ﾄｰﾜ｣  
グループ5⑦_2_14,ｵｷｻﾄﾐﾄﾞ錠30mg｢CH｣
グループ5⑦_2_13,ｲﾌｪﾝﾌﾟﾛｼﾞﾙ酒石酸塩錠10mg｢日医工｣
グループ6⑩_1_2,ｱﾚｸﾞﾗ錠60mg
グループ1②_1_2,ｴｸｾﾗｰｾﾞ配合錠
グループ10⑨_1_7,ｴﾍﾟﾘｿﾞﾝ塩酸塩錠50mg｢旭化成｣
グループ3⑨_1_1,50mgｱﾘﾅﾐﾝF糖衣錠
グループ5⑥_2_5,ｵﾗﾝｻﾞﾋﾟﾝ錠2.5mg｢ﾆﾌﾟﾛ｣
グループ13⑨_2_4,ｸｴﾁｱﾋﾟﾝ錠200mg｢明治｣
グループ2②_2_4,ｴﾄﾄﾞﾗｸ錠100mg「日医工」
グループ8⑤_2_0,ｱｺﾌｧｲﾄﾞ錠100mg
グループ14②_1_1,ｾﾛｹﾝL錠120mg
グループ2⑨_1_6,ｵﾊﾟﾙﾓﾝ錠5μg
グループ7②_1_0,ｱﾅﾌﾗﾆｰﾙ錠10mg
グループ14③_2_3,ｾﾞｽﾄﾘﾙ錠10
グループ9⑦_2_13,ｴﾘｷｭｰｽ錠5mg
グループ12⑧_1_4,ｼﾞﾒﾁｺﾝ錠40mg｢ﾌｿｰ｣
グループ14④_2_1,ｾﾌｼﾞﾄﾚﾝﾋﾟﾎﾞｷｼﾙ錠100mg｢ﾄｰﾜ｣
グループ1①_1_3,ｴｽﾜﾝﾀｲﾎｳ配合OD錠T20
グループ13⑪_2_8,ｸｴﾁｱﾋﾟﾝ錠100mg｢ｻﾜｲ｣
グループ5⑤_2_6,ｲﾙｱﾐｸｽ配合錠HD｢三和｣
グループ4②_2_4,ｱﾛﾌﾟﾘﾉｰﾙ錠100mg｢DSP｣
グループ10⑦_1_14,ｳﾙｿﾃﾞｵｷｼｺｰﾙ酸錠100mg｢ｻﾜｲ｣
グループ9⑦_2_6,ｴﾝﾃｶﾋﾞﾙ錠0.5mg「ｻﾝﾄﾞ」
グループ12⑥_1_7,硝酸ｲｿｿﾙﾋﾞﾄﾞ徐放錠20mg「ﾄｰﾜ」
グループ8⑤_1_2,ｱﾀﾞﾗｰﾄｶﾌﾟｾﾙ10mg
グループ9⑤_1_5,ｴﾝﾃｶﾋﾞﾙ錠0.5mg「JG」
グループ14⑪_2_4,ｾﾞｽﾄﾘﾙ錠10
グループ3⑧_2_9,ｱﾍﾞﾏｲﾄﾞ錠250mg
グループ3⑨_2_3,ｱﾝﾌﾞﾛｷｿｰﾙ塩酸塩錠15mg｢ｻﾜｲ｣ 
グループ11⑤_1_1,ｶﾙﾎﾞｼｽﾃｲﾝ錠500mg｢ﾃﾊﾞ｣
グループ4⑩_1_2,ｱｰﾁｽﾄ錠2.5mg
グループ14⑦_2_15,ｾﾁﾛ配合錠
グループ7⑥_2_5,ｱｼﾞﾚｸﾄ錠1mg
グループ8⑪_2_5,ｱﾌﾛｸｱﾛﾝ錠20mg｢ｻﾜｲ｣
グループ7⑤_2_6,ｱﾛﾌﾟﾘﾉｰﾙ錠100mg｢ﾃﾊﾞ｣
グループ5⑦_2_9,ｲﾙﾍﾞｻﾙﾀﾝ錠200mg｢JG｣
グループ4⑪_2_0,ｱﾙﾌｧｶﾙｼﾄﾞｰﾙｶﾌﾟｾﾙ0.5μg｢日医工｣
グループ8②_1_2,ｱﾙﾌｧｶﾙｼﾄﾞｰﾙ0.25ug｢日医工｣
グループ10⑧_1_6,NEｿﾌﾄｶﾌﾟｾﾙ200mg
グループ14⑧_1_6,ｸﾞﾘｸﾗｼﾞﾄﾞ錠40mg｢ｻﾜｲ｣
グループ3②_1_1,ｱｷﾈﾄﾝ錠1mg
グループ4⑥_2_8,ｲｰｹﾌﾟﾗ錠250mg
グループ9⑪_2_4,ｴｸｾﾗｰｾﾞ配合錠
グループ6⑥_2_3,ｱﾝﾌﾞﾛｷｿｰﾙ塩酸塩錠15mg｢日医工｣
グループ1⑦_2_1,ｴﾍﾟﾘｿﾞﾝ塩酸塩錠50mg｢ﾄｰﾜ｣
グループ2⑥_2_7,ｵﾛﾊﾟﾀｼﾞﾝ塩酸塩錠5mg「NPI」
グループ5⑦_2_19,ｲﾌｪﾝﾌﾟﾛｼﾞﾙ酒石酸塩錠20mg｢あすか｣
グループ14①_1_3,ｸｴﾁｱﾋﾟﾝ錠100mg｢ﾃﾊﾞ｣
グループ10⑤_1_4,ｿﾞﾆｻﾐﾄﾞ錠100mg｢ｱﾒﾙ｣
グループ14⑤_1_4,ｾﾚｺｯｸｽ錠100mg
グループ5⑥_2_8,ｲﾌｪﾝﾌﾟﾛｼﾞﾙ酒石酸塩錠20mg｢あすか｣
グループ12②_2_1,ｼﾍﾞﾉｰﾙ錠50mg
グループ10⑩_1_4,ｿﾞﾆｻﾐﾄﾞ錠100mg｢ｱﾒﾙ｣
グループ1②_2_3,ｴｸｾﾗｰｾﾞ配合錠
グループ10③_2_1,ｳﾙｿﾃﾞｵｷｼｺｰﾙ酸錠100mg｢ｻﾜｲ｣
グループ8②_1_1,ｱﾄﾙﾊﾞｽﾀﾁﾝ錠10mg「Me」
グループ2⑦_2_14,ｳﾗﾘｯﾄ配合錠
グループ7⑪_1_0,ｱｼﾞﾙﾊﾞ錠40mg
グループ12⑤_2_6,ｼﾞｮｻﾏｲｼﾝ錠50mg
グループ11⑪_1_7,ｶﾞｽｺﾝ錠80mg
グループ12⑧_2_5,ｼﾞﾒﾁｺﾝ錠40mg｢ﾌｿｰ｣
グループ1⑨_1_7,ｴﾄﾄﾞﾗｸ錠200mg「日医工」
グループ14⑤_1_6,ｾﾘﾌﾟﾛﾛｰﾙ塩酸塩錠200mg｢ﾄｰﾜ｣
グループ12⑧_2_3,ｼﾞﾒﾁｺﾝ錠40mg｢ﾌｿｰ｣
グループ3⑧_2_7,ｵﾛﾊﾟﾀｼﾞﾝ塩酸塩錠5mg｢YD｣
グループ11⑧_1_5,ｿﾞﾃﾋﾟﾝ錠25mg｢ﾀｶﾀ｣
グループ14⑦_1_11,ｾﾚﾈｰｽ錠0.75mg
グループ4⑦_2_7,ｲﾝﾃﾊﾞﾝSP25
グループ3⑦_2_19,ｱｷﾈﾄﾝ錠1mg
グループ12⑦_1_8,ｼﾙﾆｼﾞﾋﾟﾝ錠20mg｢ｻﾜｲ｣
グループ1④_1_3,ｴﾚﾄﾘﾌﾟﾀﾝ錠20mg｢ﾄｰﾜ｣
グループ11⑦_2_13,ｿﾞﾃﾋﾟﾝ錠25mg｢ﾀｶﾀ｣
グループ7⑥_1_3,ｱｼﾞﾚｸﾄ錠1mg
グループ11⑨_1_3,ｶﾙﾌｨｰﾅ錠0.5μg(ﾏﾙﾎ)
グループ11⑩_1_7,ｶﾙﾎﾞｼｽﾃｲﾝ錠250mg｢ｻﾜｲ｣
グループ2⑨_2_1,ｲﾙﾍﾞﾀﾝ錠50mg
グループ1⑦_1_15,ｴｽﾜﾝﾀｲﾎｳ配合OD錠T25
グループ11⑨_1_1,球形吸着炭ｶﾌﾟｾﾙ286mg｢日医工｣
グループ2⑧_2_5,ｴﾝﾃｶﾋﾞﾙ錠0.5mg「EE」
グループ12⑩_2_0,ｼﾙﾆｼﾞﾋﾟﾝ錠10mg｢ｻﾜｲ｣
グループ6⑤_1_5,ｵﾙﾒｻﾙﾀﾝ錠20mg「日医工」
グループ7⑩_2_2,ｱｲﾋﾟｰﾃﾞｨｶﾌﾟｾﾙ50
グループ2⑪_2_1,ｳﾙｿﾃﾞｵｷｼｺｰﾙ酸錠100mg｢ﾄｰﾜ｣
グループ1⑪_2_2,ｴﾚﾄﾘﾌﾟﾀﾝ錠20mg｢ﾄｰﾜ｣
グループ6⑪_1_7,ｱｽﾞﾉｰﾙ錠2mg
グループ6⑥_2_5,ｱﾙｼﾞｵｷｻ錠100mg｢あすか｣
グループ10⑨_1_9,ｴﾅﾗﾌﾟﾘﾙﾏﾚｲﾝ酸塩錠10mg｢TCK｣
グループ3④_2_1,ｱｷﾈﾄﾝ錠1mg
グループ11⑤_2_4,ｶﾑｼｱ配合錠HD「ﾄｰﾜ」
グループ10⑩_2_7,ｴﾍﾟﾘｿﾞﾝ塩酸塩錠50mg｢旭化成｣
グループ1⑩_1_3,ｴｽﾜﾝﾀｲﾎｳ配合OD錠T20
グループ5⑥_1_0,ｵﾙｹﾃﾞｨｱ錠1mg
グループ13②_2_0,ｸﾛﾋﾟﾄﾞｸﾞﾚﾙ錠75mg｢ｻﾜｲ｣,ｸﾛﾋﾟﾄﾞｸﾞﾚﾙ錠75mg｢ｻﾜｲ｣
グループ1⑨_2_4,ｴﾄﾄﾞﾗｸ錠200mg「日医工」
グループ3④_2_3,ｱｷﾈﾄﾝ錠1mg
グループ4⑨_2_0,ｲﾙﾍﾞｻﾙﾀﾝOD錠200mg｢JG｣
グループ14②_2_2,ｾﾘﾝｸﾛ錠10mg
グループ12⑦_2_9,ｼﾛｽﾀｿﾞｰﾙ錠50mg｢JG｣
グループ4⑩_1_9,ｱｽﾊﾟﾗｶﾘｳﾑ錠300mg
グループ11②_1_1,ｶﾙﾌｨｰﾅ錠0.5μg(ﾏﾙﾎ)
グループ12③_1_1,ｼﾝﾊﾞｽﾀﾁﾝ錠20mg｢武田ﾃﾊﾞ｣
グループ4②_2_0,ｱﾙﾌｧｶﾙｼﾄﾞｰﾙｶﾌﾟｾﾙ0.5μg｢日医工｣
グループ3⑩_2_5,ｱｼﾞﾚｸﾄ錠0.5mg
グループ2⑦_1_7,ｲﾐﾀﾞﾌﾟﾘﾙ塩酸塩錠2.5mg｢ｹﾐﾌｧ｣
グループ2⑥_1_3,ｲﾐﾀﾞﾌﾟﾘﾙ塩酸塩錠2.5mg｢ｹﾐﾌｧ｣
グループ2⑧_2_4,ｵﾛﾊﾟﾀｼﾞﾝ塩酸塩錠5mg「NPI」
グループ10⑪_2_0,ｿﾞﾃﾋﾟﾝ錠25mg｢ﾖｼﾄﾐ｣
グループ1⑦_1_4,ｴﾍﾟﾘｿﾞﾝ塩酸塩錠50mg｢ﾄｰﾜ｣
グループ3⑦_1_19,ｱﾍﾞﾏｲﾄﾞ錠250mg
グループ5②_1_2,ｲﾌｪﾝﾌﾟﾛｼﾞﾙ酒石酸塩錠10mg｢日医工｣,ｼﾞｴﾉｹﾞｽﾄ錠1mg「F」
グループ12⑩_1_2,ｼﾞｴﾉｹﾞｽﾄ錠1mg「F」
グループ10⑪_2_4,ｴﾝﾃｶﾋﾞﾙ錠0.5mg「武田ﾃﾊﾞ」
グループ2⑦_1_6,ｵﾊﾟﾙﾓﾝ錠5μg
グループ3②_2_3,ｱｷﾈﾄﾝ錠1mg
グループ11①_2_3,ｶﾙｼﾄﾘｵｰﾙｶﾌﾟｾﾙ0.5μg｢ﾄｰﾜ｣
グループ11⑦_1_0,ｶﾙﾅｸﾘﾝ錠50
グループ12⑧_2_6,ｶﾙｺｰﾊﾟ配合錠L100
グループ7③_2_3,ｱｼﾞﾙﾊﾞ錠40mg
グループ10⑩_1_3,ｿﾌｨｱC配合錠
グループ5⑧_2_9,ｲｽｺﾁﾝ錠100mg 
グループ7⑧_1_3,ｱｼﾞﾚｸﾄ錠1mg
グループ3⑧_2_2,ｴﾅﾗﾌﾟﾘﾙﾏﾚｲﾝ酸塩錠5mg｢MEEK｣
グループ9⑥_2_0,ｴﾝﾃｶﾋﾞﾙ錠0.5mg「KN」
グループ6④_2_4,ｱｽﾞﾉｰﾙ錠2mg
グループ14⑦_2_18,ｾﾘﾌﾟﾛﾛｰﾙ塩酸塩錠200mg｢ﾄｰﾜ｣
グループ1⑥_1_3,ｴｾﾞﾁﾐﾌﾞ錠10mg｢DSEP｣
グループ5⑨_2_5,ｵﾗﾝｻﾞﾋﾟﾝOD錠2.5mg「日医工」
グループ13①_2_1,ｸﾞﾘﾍﾞﾝｸﾗﾐﾄﾞ錠1.25mg｢武田ﾃﾊﾞ｣
グループ2⑩_2_2,ｲﾙﾍﾞｻﾙﾀﾝ錠50mg｢JG｣
グループ1⑦_1_5,ｴﾎﾁｰﾙ錠5mg
グループ9①_2_3,ｱﾑﾛｼﾞﾋﾟﾝOD錠10mg｢武田ﾃﾊﾞ｣
グループ14⑦_1_7,ｸﾞﾘﾒﾋﾟﾘﾄﾞ錠1mg｢ﾄｰﾜ｣
グループ14⑦_1_5,ｾﾙﾄﾗﾘﾝ錠25mg｢YD｣
グループ10⑥_1_3,NEｿﾌﾄｶﾌﾟｾﾙ200mg
グループ1⑦_2_12,ｴﾁｿﾞﾗﾑ錠0.5mg「EMEC」
グループ5⑦_1_8,ｲﾐﾀﾞﾌﾟﾘﾙ塩酸塩錠5mg｢ｹﾐﾌｧ｣
グループ3⑤_2_1,一硝酸ｲｿｿﾙﾋﾞﾄﾞ錠20mg｢ｻﾜｲ｣
グループ7⑩_1_5,ｱﾛﾌﾟﾘﾉｰﾙ錠100mg｢ｻﾜｲ｣
グループ11⑨_2_4,ｶﾙﾌｨｰﾅ錠0.5μg(ﾏﾙﾎ)
グループ1②_2_4,ｴﾄﾄﾞﾗｸ錠200mg「日医工」
グループ5⑨_2_6,ｲﾙﾍﾞｻﾙﾀﾝ錠100mg｢JG｣
グループ6⑥_1_1,ｵﾗﾝｻﾞﾋﾟﾝ錠2.5mg｢ｱﾒﾙ｣
グループ3⑩_2_0,ｱﾝﾌﾞﾛｷｿｰﾙ塩酸塩錠15mg｢ZE｣
グループ6⑤_2_0,ｵﾙﾒﾃｯｸOD錠5mg
グループ4⑦_1_10,ｱﾚﾋﾞｱﾁﾝ錠100mg
グループ5⑥_1_4,ｵﾗﾝｻﾞﾋﾟﾝ錠2.5mg｢ﾆﾌﾟﾛ｣
グループ9⑤_1_8,ｴﾝﾃｶﾋﾞﾙ錠0.5mg「ｻﾝﾄﾞ」
グループ14⑦_2_12,ｸﾞﾘﾒﾋﾟﾘﾄﾞ錠1mg｢ﾀﾅﾍﾞ｣
グループ12②_2_2,ｼﾙﾆｼﾞﾋﾟﾝ錠20mg｢ｻﾜｲ｣
グループ7⑩_1_3,ｱﾄﾙﾊﾞｽﾀﾁﾝ錠5mg｢KN｣
グループ4⑦_2_2,ｱﾙﾌｧｶﾙｼﾄﾞｰﾙｶﾌﾟｾﾙ0.5μg｢日医工｣
グループ7⑧_1_1,ｱﾃﾉﾛｰﾙ錠25mg｢ﾄｰﾜ｣
グループ3⑦_1_0,ｱﾑﾛｼﾞﾋﾟﾝ錠2.5mg｢YD｣
グループ5④_1_2,ｵﾒﾌﾟﾗｿﾞｰﾙ腸溶錠10mg｢武田ﾃﾊﾞ｣
グループ11⑩_1_0,ｶﾝﾃﾞｻﾙﾀﾝ錠2mg｢ｻﾜｲ｣
グループ5⑨_1_1,ｲｺｻﾍﾟﾝﾄ酸ｴﾁﾙｶﾌﾟｾﾙ300mg｢YD｣
グループ6⑪_1_4,ｱﾓｷｼｼﾘﾝｶﾌﾟｾﾙ250mg｢日医工｣
グループ10④_2_0,ｴﾊﾟﾙﾚｽﾀｯﾄ錠50mg｢武田ﾃﾊﾞ｣
グループ3⑧_1_2,ｵﾛﾊﾟﾀｼﾞﾝ塩酸塩錠5mg｢YD｣
グループ6⑪_2_3,ｱｽﾍﾞﾘﾝ錠20
グループ8⑪_2_0,ｱﾌﾛｸｱﾛﾝ錠20mg｢ｻﾜｲ｣
グループ2⑥_1_0,ｲﾐﾀﾞﾌﾟﾘﾙ塩酸塩錠5mg｢ｵｰﾊﾗ｣,ｲﾐﾀﾞﾌﾟﾘﾙ塩酸塩錠5mg｢ｵｰﾊﾗ｣
グループ2⑪_1_7,ｴﾄﾄﾞﾗｸ錠100mg「日医工」
グループ5③_1_2,ｵﾙﾒｻﾙﾀﾝOD錠40mg｢DSEP｣
グループ13⑥_2_3,ｸﾛﾋﾟﾄﾞｸﾞﾚﾙ錠75mg｢ｻﾜｲ｣,ｸﾛﾋﾟﾄﾞｸﾞﾚﾙ錠75mg｢ｻﾜｲ｣
グループ10⑪_2_3,ｳﾙｿﾃﾞｵｷｼｺｰﾙ酸錠100mg｢ｻﾜｲ｣
グループ5③_1_3,ｵﾙｹﾃﾞｨｱ錠2mg
グループ9⑤_1_4,ｴﾘｷｭｰｽ錠5mg
グループ13⑨_2_1,ｸﾛﾋﾟﾄﾞｸﾞﾚﾙ錠75mg｢ｻﾜｲ｣,ｸﾛﾋﾟﾄﾞｸﾞﾚﾙ錠75mg｢ｻﾜｲ｣
グループ13⑤_1_5,ｸﾞﾘｸﾗｼﾞﾄﾞ錠20mg｢ｻﾜｲ｣,ｸﾞﾘﾐｸﾛﾝHA錠20mg
グループ10①_1_1,ｴﾋﾞﾘﾌｧｲ錠3mg
グループ13⑦_2_18,ｸﾛﾗﾑﾌｪﾆｺｰﾙ腟錠100mg｢F｣
グループ5②_2_1,ｲｺｻﾍﾟﾝﾄ酸ｴﾁﾙｶﾌﾟｾﾙ300mg｢YD｣
グループ14⑩_2_6,ｾﾁﾛ配合錠
グループ10⑦_1_18,ｿﾞﾃﾋﾟﾝ錠100mg｢ﾀｶﾀ｣
グループ1⑤_1_5,ｴﾁｿﾞﾗﾑ錠0.5mg「EMEC」
グループ3③_1_3,ｱｼﾞﾚｸﾄ錠0.5mg
グループ10⑪_2_2,ｳﾙｿﾃﾞｵｷｼｺｰﾙ酸錠100mg｢ｻﾜｲ｣
グループ2⑧_1_2,ｴﾝﾃｶﾋﾞﾙ錠0.5mg「YD」
グループ3⑧_2_1,ｱﾛﾌﾟﾘﾉｰﾙ錠100mg｢杏林｣
グループ7⑧_2_5,ｱﾃﾉﾛｰﾙ錠25mg｢ﾄｰﾜ｣
グループ6⑤_2_2,ｵﾙﾒｻﾙﾀﾝOD錠5mg｢日医工｣
グループ4⑧_1_1,ｱﾏﾘｰﾙ1mg錠
グループ5⑦_1_3,ｲﾝｳﾞｪｶﾞ錠3mg
グループ12⑥_2_2,ｼﾞﾋﾟﾘﾀﾞﾓｰﾙ錠25mg｢JG｣
グループ5②_2_4,ｲﾌｪﾝﾌﾟﾛｼﾞﾙ酒石酸塩錠10mg｢日医工｣
グループ13③_1_1,ｸﾛﾋﾟﾄﾞｸﾞﾚﾙ錠75mg｢SANIK｣,ｸﾛﾋﾟﾄﾞｸﾞﾚﾙ錠75mg｢SANIK｣
グループ6⑦_1_5,ｵﾒﾌﾟﾗｿﾞｰﾙ錠20mg｢ｱﾒﾙ｣
グループ2⑦_2_4,ｲﾐﾀﾞﾌﾟﾘﾙ塩酸塩錠5mg｢ｻﾜｲ｣
グループ9⑪_1_0,ｴﾙﾃﾞｶﾙｼﾄｰﾙｶﾌﾟｾﾙ0.75μg｢ｻﾜｲ｣
グループ2⑪_1_8,ｳﾙｿﾃﾞｵｷｼｺｰﾙ酸錠100mg｢JG｣
グループ14⑧_2_4,ｸﾞﾘｸﾗｼﾞﾄﾞ錠40mg｢ｻﾜｲ｣
グループ1⑥_2_0,ｴｾﾞﾁﾐﾌﾞ錠10mg｢DSEP｣
グループ4⑥_1_3,ｱﾃﾞｶｯﾄ7.5mg錠
グループ1⑦_1_18,ｴﾅﾗﾌﾟﾘﾙﾏﾚｲﾝ酸塩錠5mg｢ﾌｿｰ｣
グループ4⑩_2_4,ｱｶﾙﾎﾞｰｽOD錠50mg｢ﾌｧｲｻﾞｰ｣
グループ13⑧_1_3,ｼﾝﾊﾞｽﾀﾁﾝ錠10mg｢武田ﾃﾊﾞ｣
グループ3⑪_1_7,ｱﾃﾉﾛｰﾙ錠25mg｢日新｣
グループ6①_2_2,ｵﾛﾊﾟﾀｼﾞﾝ塩酸塩OD錠5mg｢日医工｣
グループ12②_1_0,ｼﾞｸﾛﾌｪﾅｸNa徐放ｶﾌﾟｾﾙ37.5mg｢ﾄｰﾜ｣
グループ3⑥_1_8,ｱﾛﾌﾟﾘﾉｰﾙ錠100mg｢杏林｣
グループ11⑥_2_3,球形吸着炭ｶﾌﾟｾﾙ286mg｢日医工｣
グループ11⑦_1_1,ｶﾙﾎﾞｼｽﾃｲﾝ錠500mg｢ﾃﾊﾞ｣
グループ13⑨_1_2,ｸﾛﾋﾟﾄﾞｸﾞﾚﾙ錠75mg｢ｻﾜｲ｣,ｸﾛﾋﾟﾄﾞｸﾞﾚﾙ錠75mg｢ｻﾜｲ｣
グループ3⑦_2_11,ｵﾛﾊﾟﾀｼﾞﾝ塩酸塩錠5mg｢YD｣
グループ4⑤_2_4,ｱﾙﾌｧｶﾙｼﾄﾞｰﾙｶﾌﾟｾﾙ0.5μg｢日医工｣
グループ6⑦_1_15,ｱｽﾍﾞﾘﾝ錠20
グループ12⑧_2_8,ｶﾙｺｰﾊﾟ配合錠L100
グループ3⑪_2_2,ｱﾑﾛｼﾞﾋﾟﾝ錠2.5mg｢ｻﾝﾄﾞ｣
グループ2⑨_1_3,ｲﾐﾀﾞﾌﾟﾘﾙ塩酸塩錠5mg｢ｻﾜｲ｣
グループ11⑪_2_7,ｶﾙﾌｨｰﾅ錠0.5μg(ﾏﾙﾎ)
グループ9⑦_2_5,ｴﾌｨｴﾝﾄOD錠20mg
グループ6③_2_2,ｱﾚｸﾞﾗ錠60mg
グループ11⑨_1_4,ｶﾙﾌｨｰﾅ錠0.25μg
グループ9⑥_1_6,ｱﾑﾛｼﾞﾋﾟﾝOD錠10mg｢武田ﾃﾊﾞ｣
グループ1⑤_2_5,ｴｽﾜﾝﾀｲﾎｳ配合OD錠T20
グループ12⑨_2_1,ｼﾙﾆｼﾞﾋﾟﾝ錠20mg｢ｻﾜｲ｣
グループ9⑩_1_2,ｴﾊﾟﾗｶﾌﾟｾﾙ300
グループ3⑪_1_2,ｱﾃﾉﾛｰﾙ錠25mg｢日新｣
グループ3⑦_1_8,ｱﾑﾊﾞﾛ配合錠｢ｻﾝﾄﾞ｣
グループ5⑤_2_1,ｲﾙﾍﾞｻﾙﾀﾝ錠100mg｢JG｣
グループ14⑪_1_8,ｾﾘﾌﾟﾛﾛｰﾙ塩酸塩錠200mg｢ﾄｰﾜ｣
グループ5⑨_1_3,ｵﾗﾝｻﾞﾋﾟﾝOD錠2.5mg「日医工」
グループ4⑥_2_3,ｲﾝﾃﾊﾞﾝSP25
グループ14⑪_2_7,ｾﾘﾌﾟﾛﾛｰﾙ塩酸塩錠200mg｢ﾄｰﾜ｣,ｷﾈﾀﾞｯｸ錠50mg
グループ11⑤_1_6,ｶﾙﾎﾞｼｽﾃｲﾝ錠250mg｢TCK｣
グループ5⑦_1_12,ｵﾛﾊﾟﾀｼﾞﾝ塩酸塩錠2.5mg「NPI」
グループ2⑦_2_18,ｳﾙｿﾃﾞｵｷｼｺｰﾙ酸錠100mg｢ﾃﾊﾞ｣
グループ3⑩_1_3,ｱｼﾞﾚｸﾄ錠0.5mg
グループ4⑦_2_16,ｱﾛﾌﾟﾘﾉｰﾙ錠100mg｢DSP｣
グループ4⑦_1_12,ｱﾑﾛｼﾞﾋﾟﾝOD錠5mg｢杏林｣
グループ3⑦_2_14,ｱﾑﾊﾞﾛ配合錠｢ｻﾝﾄﾞ｣
グループ14⑪_2_0,ｾﾀﾌﾟﾘﾙ錠50mg
グループ13④_2_3,ｸﾞﾘﾒﾋﾟﾘﾄﾞ錠1mg｢杏林｣
グループ3⑩_1_5,ｱｼﾞﾚｸﾄ錠0.5mg
グループ12⑦_2_6,ｼﾙﾆｼﾞﾋﾟﾝ錠20mg｢ｻﾜｲ｣
グループ12⑩_1_4,ｼﾛｽﾀｿﾞｰﾙ錠50mg｢JG｣
グループ3⑥_1_1,ｱｼﾞﾚｸﾄ錠0.5mg
グループ2⑤_1_6,ｳﾙｿﾃﾞｵｷｼｺｰﾙ酸錠100mg｢JG｣
グループ4②_1_3,ｱﾑﾛｼﾞﾋﾟﾝOD錠5mg｢杏林｣
グループ4①_2_4,ｱｶﾙﾎﾞｰｽOD錠50mg｢ﾌｧｲｻﾞｰ｣
グループ14⑦_1_4,ｷﾈﾀﾞｯｸ錠50mg
グループ11⑦_2_11,ｶﾑｼｱ配合錠HD「ﾄｰﾜ」
グループ2⑪_2_4,ｳﾙｿﾃﾞｵｷｼｺｰﾙ酸錠100mg｢ﾄｰﾜ｣
グループ7⑦_1_4,ｱﾑﾛｼﾞﾋﾟﾝ錠5mg｢明治｣
グループ5⑦_2_10,ｵﾗﾝｻﾞﾋﾟﾝ錠2.5mg｢ﾆﾌﾟﾛ｣
グループ5⑨_1_6,ｲﾙﾍﾞｻﾙﾀﾝ錠200mg｢JG｣
グループ10⑧_1_9,ｴﾋﾞﾘﾌｧｲ錠1mg
グループ14⑧_2_0,ｷﾈﾀﾞｯｸ錠50mg
グループ9⑨_2_1,ｴﾙﾃﾞｶﾙｼﾄｰﾙｶﾌﾟｾﾙ0.75μg｢ｻﾜｲ｣
グループ8②_2_0,ｱﾄﾙﾊﾞｽﾀﾁﾝ錠10mg「Me」
グループ6⑥_1_7,ｱﾚｸﾞﾗ錠60mg
グループ3⑧_1_4,一硝酸ｲｿｿﾙﾋﾞﾄﾞ錠20mg｢ｻﾜｲ｣
グループ13⑨_2_2,ｸﾛﾋﾟﾄﾞｸﾞﾚﾙ錠75mg｢ｻﾜｲ｣,ｸﾛﾋﾟﾄﾞｸﾞﾚﾙ錠75mg｢ｻﾜｲ｣
グループ6④_1_1,ｱﾓｷｼｼﾘﾝｶﾌﾟｾﾙ250mg｢日医工｣
グループ11⑦_2_2,ｶﾑｼｱ配合錠LD「ﾄｰﾜ」
グループ13③_1_3,ｸﾛﾙﾌﾟﾛﾊﾟﾐﾄﾞ錠250mg｢KN｣
グループ14⑩_1_8,ｾﾁﾛ配合錠
グループ6⑪_2_8,ｱｽﾞﾉｰﾙ錠2mg
グループ14⑧_2_8,ｸｴﾁｱﾋﾟﾝ錠100mg｢ﾃﾊﾞ｣
グループ7⑤_1_2,ｱﾛﾁﾉﾛｰﾙ塩酸塩錠5mg｢ｻﾜｲ｣
グループ4⑩_1_6,ｱｶﾙﾎﾞｰｽOD錠50mg｢ﾌｧｲｻﾞｰ｣
グループ3⑦_2_5,ｱｸﾄｽ錠15 
グループ10⑩_2_6,ｿﾞﾋﾟｸﾛﾝ錠7.5mg｢杏林｣
グループ4①_2_3,ｱｽﾊﾟﾗｶﾘｳﾑ錠300mg
グループ1⑦_1_19,ｴﾅﾗﾌﾟﾘﾙﾏﾚｲﾝ酸塩錠5mg｢ﾌｿｰ｣
グループ6⑧_2_3,ｵﾙﾒｻﾙﾀﾝ錠40mg「ﾆﾌﾟﾛ」
グループ6⑩_1_7,ｱﾚｸﾞﾗ錠60mg
グループ1⑤_2_1,ｴﾎﾁｰﾙ錠5mg
グループ7⑥_1_0,ｱﾑﾛｼﾞﾋﾟﾝ錠5mg｢明治｣
グループ9⑦_2_8,ｴﾊﾟﾗｶﾌﾟｾﾙ300
グループ13③_2_4,ｸﾛﾙﾌﾟﾛﾊﾟﾐﾄﾞ錠250mg｢KN｣
グループ12⑦_2_7,ｼﾍﾞﾉｰﾙ錠50mg
グループ8⑤_2_7,ｱﾙｼﾞｵｷｻ錠100mg｢KN｣
グループ8⑥_2_0,ｱﾄﾙﾊﾞｽﾀﾁﾝ錠5mg｢EE｣
グループ13⑦_2_8,ｸﾛﾋﾟﾄﾞｸﾞﾚﾙ錠75mg｢ｻﾜｲ｣,ｸﾛﾋﾟﾄﾞｸﾞﾚﾙ錠75mg｢ｻﾜｲ｣
グループ3⑦_2_3,ﾑｺﾌﾞﾘﾝ錠15mg
グループ8④_1_2,ｱﾑﾛｼﾞﾋﾟﾝOD錠5mg｢ﾌｧｲｻﾞｰ｣
グループ10④_1_3,ｿﾞﾆｻﾐﾄﾞ錠100mg｢ｱﾒﾙ｣
グループ1⑧_2_4,ｴﾅﾗﾌﾟﾘﾙﾏﾚｲﾝ酸塩錠5mg｢TCK｣
グループ12④_1_3,ｼﾞｺﾞｷｼﾝ錠0.125mg｢AFP｣ 
グループ14⑨_1_3,ｾﾚﾈｰｽ錠3mg
グループ7⑩_2_0,ｱﾛﾁﾉﾛｰﾙ塩酸塩錠5mg｢ｻﾜｲ｣
グループ4⑤_1_1,ｱﾙﾌｧｶﾙｼﾄﾞｰﾙｶﾌﾟｾﾙ0.5μg｢日医工｣
グループ10①_1_0,ｴﾚﾄﾘﾌﾟﾀﾝ錠20mg｢ｻﾝﾄﾞ｣
グループ9⑥_1_2,ｴﾝﾃｶﾋﾞﾙ錠0.5mg「ﾄｰﾜ」
グループ10⑩_2_4,ｿﾌｨｱC配合錠
グループ8④_2_3,ｱｺﾌｧｲﾄﾞ錠100mg
グループ5⑦_1_0,ｲﾙﾍﾞｻﾙﾀﾝ錠100mg｢JG｣
グループ13⑨_1_6,ｸﾘｱﾐﾝ配合錠A1.0
グループ2⑧_1_1,ｵﾛﾊﾟﾀｼﾞﾝ塩酸塩錠5mg「NPI」
グループ2⑩_2_7,ｳﾙｿﾃﾞｵｷｼｺｰﾙ酸錠100mg｢ﾃﾊﾞ｣
グループ6⑪_2_0,ｱﾑﾊﾞﾛ配合OD錠「ﾄｰﾜ」
グループ7②_1_4,ｱﾑﾛｼﾞﾋﾟﾝOD錠「ｻﾜｲ」5mg
グループ2⑨_2_0,ｲﾐﾀﾞﾌﾟﾘﾙ塩酸塩錠2.5mg｢ｹﾐﾌｧ｣
グループ4②_1_1,ｱﾏﾝﾀｼﾞﾝ塩酸塩錠50mg｢ｻﾜｲ｣
グループ10⑧_2_0,ｿﾞﾃﾋﾟﾝ錠25mg｢ﾖｼﾄﾐ｣
グループ10⑨_1_6,ｴﾅﾗﾌﾟﾘﾙﾏﾚｲﾝ酸塩錠10mg｢TCK｣
グループ14⑪_2_1,ｾﾙﾄﾗﾘﾝ錠25mg｢YD｣
グループ13⑥_2_8,ｸﾘｱﾐﾝ配合錠A1.0
グループ7⑧_1_0,ｱﾑﾛｼﾞﾋﾟﾝOD錠2.5mg｢武田ﾃﾊﾞ｣
グループ7⑦_1_10,ｱﾛﾌﾟﾘﾉｰﾙ錠100mg｢ﾀﾅﾍﾞ｣
グループ3⑩_2_9,ｱﾑﾊﾞﾛ配合錠｢ｻﾝﾄﾞ｣
グループ1⑦_1_14,ｴﾅﾗﾌﾟﾘﾙﾏﾚｲﾝ酸塩錠2.5mg｢TCK｣
グループ9⑧_2_0,ｱﾒｼﾞﾆｳﾑﾒﾁﾙ硫酸塩錠10mg｢ﾄｰﾜ｣
グループ11①_1_0,ｿﾞﾃﾋﾟﾝ錠50mg｢ﾖｼﾄﾐ｣
グループ10⑤_2_1,ｴﾊﾟﾙﾚｽﾀｯﾄ錠50mg｢武田ﾃﾊﾞ｣
グループ1⑦_1_13,ｴﾘｽﾛｼﾝ錠200mg
グループ12⑦_1_15,ｼﾒﾁｼﾞﾝ錠400mg｢TCK｣
グループ3⑩_2_3,ｱｼﾞﾚｸﾄ錠0.5mg
グループ11⑨_1_5,ｶﾙﾌﾞﾛｯｸ錠8mg
グループ5⑧_1_9,ｲﾙｱﾐｸｽ配合錠HD｢三和｣
グループ10⑨_2_9,ｴﾅﾗﾌﾟﾘﾙﾏﾚｲﾝ酸塩錠10mg｢TCK｣
グループ5⑥_1_6,ｵﾗﾝｻﾞﾋﾟﾝ錠1.25mg｢ｱﾒﾙ｣
グループ1⑦_1_16,ｴﾘｽﾛﾏｲｼﾝ錠200mg｢ｻﾜｲ｣
グループ4⑦_1_8,ｲﾆｼﾝｸ配合錠
グループ9⑨_2_7,ｴﾝﾃｶﾋﾞﾙ錠0.5mg「JG」
グループ9⑩_2_7,ｴｸﾒｯﾄ配合錠LD
グループ6⑤_1_6,ｵﾒﾌﾟﾗｿﾞｰﾙ錠10｢SW｣ 10mg
グループ2⑥_1_8,ｵﾊﾟﾙﾓﾝ錠5μg
グループ1⑦_2_5,ｴﾅﾗﾌﾟﾘﾙﾏﾚｲﾝ酸塩錠2.5mg｢TCK｣
グループ5①_2_1,ｲｽｺﾁﾝ錠100mg 
グループ14⑨_2_3,ｾﾙﾄﾗﾘﾝ錠25mg｢ﾆﾌﾟﾛ｣
グループ6⑦_1_0,ｵﾗﾝｻﾞﾋﾟﾝOD錠1.25mg｢ｱﾒﾙ｣
グループ11⑦_2_15,ｶﾙﾍﾞｼﾞﾛｰﾙ錠10mg｢ｻﾜｲ｣
グループ10⑩_2_8,ｿﾞﾆｻﾐﾄﾞ錠100mg｢ｱﾒﾙ｣
グループ2⑧_1_7,ｵｲｸﾞﾙｺﾝ錠2.5mg
グループ5⑪_2_6,ｵﾛﾊﾟﾀｼﾞﾝ塩酸塩錠2.5mg「NPI」
グループ12⑩_2_3,ｼﾞｴﾉｹﾞｽﾄ錠1mg「F」
グループ3⑧_1_0,一硝酸ｲｿｿﾙﾋﾞﾄﾞ錠20mg｢ｻﾜｲ｣
グループ13⑩_1_7,ｸﾞﾘﾐｸﾛﾝHA錠20mg
グループ12⑤_2_0,ｼﾞｴﾉｹﾞｽﾄ錠1mg「F」
グループ3⑤_1_0,50mgｱﾘﾅﾐﾝF糖衣錠
グループ2④_2_0,ｲﾐﾀﾞﾌﾟﾘﾙ塩酸塩錠2.5mg｢ｹﾐﾌｧ｣
グループ5⑨_1_9,ｲﾐﾀﾞﾌﾟﾘﾙ塩酸塩錠5mg｢ｹﾐﾌｧ｣
グループ14②_1_0,ｾﾚﾈｰｽ錠3mg
グループ13⑧_2_3,ｸﾛﾋﾟﾄﾞｸﾞﾚﾙ錠75mg｢ｻﾜｲ｣,ｸﾛﾋﾟﾄﾞｸﾞﾚﾙ錠75mg｢ｻﾜｲ｣
グループ9⑩_1_6,ｴﾝﾃｶﾋﾞﾙ錠0.5mg「JG」
グループ10⑤_1_8,ｿﾞﾃﾋﾟﾝ錠100mg｢ﾀｶﾀ｣
グループ13⑤_2_2,ｸﾞﾘﾐｸﾛﾝHA錠20mg
グループ9⑥_2_5,ｴｸﾒｯﾄ配合錠HD
グループ9④_2_1,ｴﾙﾃﾞｶﾙｼﾄｰﾙｶﾌﾟｾﾙ0.75μg｢ｻﾜｲ｣
グループ11⑧_1_2,ｶﾙｼﾄﾘｵｰﾙｶﾌﾟｾﾙ0.5μg｢ﾄｰﾜ｣
グループ6⑩_2_9,ｱﾙｼﾞｵｷｻ錠100mg｢あすか｣
グループ14⑪_2_2,ｾﾀﾌﾟﾘﾙ錠50mg
グループ14⑦_2_13,ｸﾞﾘﾒﾋﾟﾘﾄﾞ錠1mg｢ﾄｰﾜ｣
グループ8⑪_2_4,ｱﾌﾛｸｱﾛﾝ錠20mg｢ｻﾜｲ｣
グループ9⑥_2_1,ｴﾝﾃｶﾋﾞﾙ錠0.5mg「ﾀｶﾀ」
グループ11⑦_1_6,ｶﾞｽｺﾝ錠80mg
グループ3⑥_1_0,ｱｸﾄｽ錠15 
グループ7⑦_2_9,ｱｼﾞﾚｸﾄ錠1mg
グループ11⑪_2_2,ｶﾙﾅｸﾘﾝ錠50
グループ11⑦_1_9,ｶﾙﾍﾞｼﾞﾛｰﾙ錠10mg｢ｻﾜｲ｣
グループ5⑥_1_7,ｵﾛﾊﾟﾀｼﾞﾝ塩酸塩錠2.5mg「NPI」
グループ13⑤_2_8,ｸﾞﾘﾍﾞﾝｸﾗﾐﾄﾞ錠1.25mg｢武田ﾃﾊﾞ｣
グループ9①_1_1,ｱｾﾄｱﾐﾉﾌｪﾝ錠200mg｢ﾃﾊﾞ｣
グループ14⑨_2_0,ｾﾚﾈｰｽ錠3mg
グループ7⑨_1_2,ｱﾄﾙﾊﾞｽﾀﾁﾝ錠5mg｢DSEP｣,ｱﾄﾙﾊﾞｽﾀﾁﾝ錠5mg｢DSEP｣
グループ9③_1_2,ｴﾊﾟﾗｶﾌﾟｾﾙ300
グループ13⑨_2_7,ｸﾘｱﾐﾝ配合錠A1.0
グループ5⑦_2_12,ｵﾗﾝｻﾞﾋﾟﾝOD錠2.5mg「日医工」
グループ13⑦_1_16,ｸﾘｱﾐﾝ配合錠A1.0
グループ11⑨_1_8,ｶﾙﾌﾞﾛｯｸ錠8mg
グループ2⑦_2_15,ｳﾙｿﾃﾞｵｷｼｺｰﾙ酸錠100mg｢JG｣
グループ10⑩_2_9,ｿﾞﾃﾋﾟﾝ錠100mg｢ﾖｼﾄﾐ｣
グループ11⑦_1_10,ｶﾙﾍﾞｼﾞﾛｰﾙ錠1.25mg｢ｻﾜｲ｣
グループ4⑥_1_8,ｱﾛﾌﾟﾘﾉｰﾙ錠100mg｢ﾀｶﾀ｣
グループ10⑤_2_5,ｿﾞﾆｻﾐﾄﾞ錠100mg｢ｱﾒﾙ｣
グループ11⑦_2_1,球形吸着炭ｶﾌﾟｾﾙ286mg｢日医工｣
グループ3②_2_4,50mgｱﾘﾅﾐﾝF糖衣錠
グループ3⑨_1_4,50mgｱﾘﾅﾐﾝF糖衣錠
グループ11③_1_1,ｶﾙﾌｨｰﾅ錠0.5μg(ﾏﾙﾎ)
グループ14⑨_2_6,ｾﾘﾝｸﾛ錠10mg
グループ6⑦_2_5,ｱﾚｸﾞﾗ錠60mg
グループ1⑦_1_3,ｴﾊﾞﾐｰﾙ錠1.0
グループ10⑧_2_5,ｴﾋﾞﾘﾌｧｲ錠1mg
グループ4⑧_1_9,ｱﾏﾘｰﾙ1mg錠
グループ13④_2_0,ｸﾞﾘﾒﾋﾟﾘﾄﾞ錠1mg｢ｵｰﾊﾗ｣,ｸﾞﾘﾒﾋﾟﾘﾄﾞ錠1mg｢ｵｰﾊﾗ｣
グループ1③_2_3,ｴﾘｽﾛﾏｲｼﾝ錠200mg｢ｻﾜｲ｣
グループ13⑤_2_0,ｸﾞﾘﾒﾋﾟﾘﾄﾞ錠1mg｢ｵｰﾊﾗ｣,ｸﾞﾘﾒﾋﾟﾘﾄﾞ錠1mg｢ｵｰﾊﾗ｣
グループ1⑥_1_2,ｴﾊﾞﾐｰﾙ錠1.0
グループ10⑧_2_7,ｴﾋﾞﾘﾌｧｲ錠1mg
グループ12⑥_1_5,ｼﾒﾁｼﾞﾝ錠400mg｢TCK｣
グループ7⑦_2_8,ｱﾄﾙﾊﾞｽﾀﾁﾝ錠5mg｢DSEP｣
グループ2②_1_3,ｳﾙｿﾃﾞｵｷｼｺｰﾙ酸錠100mg｢ﾃﾊﾞ｣
グループ11⑦_2_5,ｶﾙﾌｨｰﾅ錠0.5μg(ﾏﾙﾎ)
グループ9⑥_2_2,ｴﾙﾃﾞｶﾙｼﾄｰﾙｶﾌﾟｾﾙ0.75μg｢ｻﾜｲ｣
グループ12⑨_2_0,ｼﾛｽﾀｿﾞｰﾙOD錠50mg｢ｻﾜｲ｣
グループ11⑩_2_2,ｶﾑｼｱ配合錠LD「ﾄｰﾜ」
グループ10⑥_2_1,ｴﾚﾄﾘﾌﾟﾀﾝ錠20mg｢ｻﾝﾄﾞ｣
グループ6②_2_0,ｵﾗﾝｻﾞﾋﾟﾝOD錠1.25mg｢ｱﾒﾙ｣
グループ2①_1_0,ｲﾙﾍﾞｻﾙﾀﾝ錠50mg｢JG｣
グループ12⑦_2_4,ｼﾞｬﾃﾞｨｱﾝｽ錠10mg
グループ8②_2_2,ｱﾙﾌｧｶﾙｼﾄﾞｰﾙ0.25ug｢日医工｣
グループ5⑨_1_5,ｵﾗﾝｻﾞﾋﾟﾝOD錠2.5mg「日医工」
グループ4①_1_1,ｱﾚﾋﾞｱﾁﾝ錠100mg
グループ8③_2_0,ｱｽﾄﾐﾝ錠10mg
グループ12⑨_2_4,ｼﾙﾆｼﾞﾋﾟﾝ錠20mg｢ｻﾜｲ｣
グループ13⑨_2_3,ｸｴﾁｱﾋﾟﾝ錠200mg｢EE｣
グループ9⑦_2_11,ｴﾝﾃｶﾋﾞﾙ錠0.5mg「ｻﾝﾄﾞ」
グループ2⑨_1_5,ｲﾐﾀﾞﾌﾟﾘﾙ塩酸塩錠2.5mg｢ｹﾐﾌｧ｣
グループ3⑦_2_7,ｱﾝﾌﾞﾛｷｿｰﾙ塩酸塩錠15mg｢ｻﾜｲ｣ 
グループ8⑩_2_6,ｱﾀﾞﾗｰﾄｶﾌﾟｾﾙ10mg
グループ8⑪_1_5,ｱﾑﾛｼﾞﾋﾟﾝOD錠5mg「日医工」
グループ4⑤_2_3,ｱﾏﾝﾀｼﾞﾝ塩酸塩錠50mg｢ｻﾜｲ｣
グループ13②_2_3,ｸｴﾁｱﾋﾟﾝ錠200mg｢EE｣
グループ2⑦_2_3,ｴﾝﾃｶﾋﾞﾙ錠0.5mg「YD」
グループ14⑦_1_14,ｸﾞﾘｸﾗｼﾞﾄﾞ錠40mg｢ｻﾜｲ｣
グループ5⑪_2_1,ｵﾗﾝｻﾞﾋﾟﾝ錠2.5mg｢ﾆﾌﾟﾛ｣
グループ3⑤_1_2,ｱﾛﾌﾟﾘﾉｰﾙ錠100mg｢杏林｣
グループ1⑨_1_4,ｴﾁｿﾞﾗﾑ錠0.5mg「EMEC」
グループ5④_2_4,ｵﾛﾊﾟﾀｼﾞﾝ塩酸塩錠2.5mg「NPI」
グループ7⑪_2_6,ｱﾛﾁﾉﾛｰﾙ塩酸塩錠5｢DSP｣
グループ8⑥_1_4,ｱﾄﾙﾊﾞｽﾀﾁﾝ錠5mg「Me」
グループ2⑪_1_6,ｴﾄﾄﾞﾗｸ錠100mg「日医工」
グループ12⑦_2_0,ｼﾞﾋﾟﾘﾀﾞﾓｰﾙ錠12.5mg｢JG｣
グループ3⑧_2_5,ｵﾛﾊﾟﾀｼﾞﾝ塩酸塩錠5mg｢YD｣
グループ3⑦_2_17,ｱﾃﾉﾛｰﾙ錠25mg｢ﾌｧｲｻﾞｰ｣
グループ7⑨_1_5,ｱﾑﾛｼﾞﾋﾟﾝOD錠「ｻﾜｲ」5mg
グループ2②_1_2,ｳﾙｿﾃﾞｵｷｼｺｰﾙ酸錠100mg｢JG｣
グループ6⑦_2_7,ｵﾙﾒｻﾙﾀﾝ錠40mg「ﾆﾌﾟﾛ」
グループ14③_2_4,ｾﾘﾌﾟﾛﾛｰﾙ塩酸塩錠200mg｢ﾄｰﾜ｣
グループ3⑧_1_7,ｵﾛﾊﾟﾀｼﾞﾝ塩酸塩錠5mg｢YD｣
グループ10⑨_1_0,ｴﾚﾄﾘﾌﾟﾀﾝ錠20mg｢ｻﾝﾄﾞ｣
グループ4⑪_2_2,ｱﾏﾝﾀｼﾞﾝ塩酸塩錠50mg｢ｻﾜｲ｣
グループ11⑨_2_2,ｶﾝﾃﾞｻﾙﾀﾝ錠4mg｢ｹﾐﾌｧ｣
グループ5⑩_2_5,ｵﾙﾒｻﾙﾀﾝOD錠40mg｢DSEP｣
グループ13⑦_2_13,ｸﾞﾘﾒﾋﾟﾘﾄﾞ錠1mg｢EMEC｣
グループ10⑦_1_11,ｴﾅﾗﾌﾟﾘﾙﾏﾚｲﾝ酸塩錠5mg｢ｻﾜｲ｣
グループ3①_2_2,ｱﾍﾞﾏｲﾄﾞ錠250mg
グループ6⑤_1_3,ｵﾙﾒｻﾙﾀﾝOD錠5mg｢日医工｣
グループ7⑨_2_5,ｱﾑﾛｼﾞﾋﾟﾝOD錠「ｻﾜｲ」5mg
グループ5⑤_1_5,ｲﾙｱﾐｸｽ配合錠HD｢三和｣
グループ14⑦_1_1,ｾﾙﾄﾗﾘﾝ錠25mg｢ﾆﾌﾟﾛ｣
グループ12④_1_4,ｼﾞｬﾃﾞｨｱﾝｽ錠10mg
グループ9⑤_1_7,ｴｸﾒｯﾄ配合錠LD
グループ8①_1_0,ｱﾀﾗｯｸｽ-Pｶﾌﾟｾﾙ50mg
グループ7④_2_2,ｱﾄﾙﾊﾞｽﾀﾁﾝ錠5mg｢KN｣
グループ1⑪_2_6,ｴｸｾｸﾞﾗﾝ錠100mg
グループ10⑧_1_2,ｴﾋﾞﾘﾌｧｲ錠3mg
グループ7①_1_2,ｱﾃﾉﾛｰﾙ錠25mg｢ﾄｰﾜ｣
グループ14⑨_2_8,ｾﾞｽﾄﾘﾙ錠10
グループ4⑤_2_2,ｱﾛﾌﾟﾘﾉｰﾙ錠100mg｢DSP｣
グループ7⑦_2_14,ｱﾑﾛｼﾞﾝOD錠2.5mg
グループ9⑪_1_1,ｴﾝﾃｶﾋﾞﾙ錠0.5mg「ｻﾝﾄﾞ」
グループ10⑥_1_2,ATP腸溶錠20mg｢AFP｣
グループ4⑪_1_3,ｱﾏﾝﾀｼﾞﾝ塩酸塩錠50mg｢ｻﾜｲ｣
グループ1③_1_4,ｴﾅﾗﾌﾟﾘﾙﾏﾚｲﾝ酸塩錠5mg｢ﾌｿｰ｣
グループ8⑤_1_7,ｱﾑﾛｼﾞﾋﾟﾝOD錠5mg「日医工」
グループ10⑦_2_0,ｴﾚﾄﾘﾌﾟﾀﾝ錠20mg｢TCK｣,ｴﾚﾄﾘﾌﾟﾀﾝ錠20mg｢TCK｣
グループ8⑪_2_7,ｱﾙｼﾞｵｷｻ錠100mg｢KN｣
グループ5⑨_2_1,ｲﾐﾀﾞﾌﾟﾘﾙ塩酸塩錠5mg｢ｹﾐﾌｧ｣
グループ9⑪_2_5,ｴﾘｷｭｰｽ錠5mg
グループ6⑦_1_6,ｵﾒﾌﾟﾗｿﾞｰﾙ錠10｢SW｣ 10mg
グループ13⑦_2_14,ｸｴﾁｱﾋﾟﾝ錠200mg｢明治｣
グループ5⑤_1_4,ｲｽｺﾁﾝ錠100mg 
グループ2⑤_1_0,硝酸ｲｿｿﾙﾋﾞﾄﾞ徐放ｶﾌﾟｾﾙ20mg｢St｣
グループ10③_1_4,ｿﾞﾃﾋﾟﾝ錠100mg｢ﾖｼﾄﾐ｣
グループ14⑥_1_7,ｸｴﾁｱﾋﾟﾝ錠100mg｢ﾃﾊﾞ｣
グループ7⑤_1_7,ｱﾑﾛｼﾞﾝOD錠2.5mg
グループ13③_1_0,ｸﾞﾘﾒﾋﾟﾘﾄﾞ錠0.5mg｢ｻﾝﾄﾞ｣
グループ2⑤_1_4,ｴﾄﾄﾞﾗｸ錠100mg「日医工」
グループ11⑥_2_2,ｶﾙﾌｨｰﾅ錠0.5μg(ﾏﾙﾎ)
グループ13⑤_2_6,ｸｴﾁｱﾋﾟﾝ錠100mg｢ｻﾜｲ｣
グループ10⑤_1_3,ｿﾞﾆｻﾐﾄﾞ錠100mg｢ｱﾒﾙ｣
グループ6⑪_1_6,ｱｼﾞｽﾛﾏｲｼﾝ250mg｢ﾀｶﾀ｣
グループ14⑧_1_1,ｷﾈﾀﾞｯｸ錠50mg
グループ3⑦_1_18,50mgｱﾘﾅﾐﾝF糖衣錠
グループ13⑨_2_6,ｸﾘｱﾐﾝ配合錠A1.0
グループ7⑥_1_6,ｱﾑﾛｼﾞﾋﾟﾝOD錠「ｻﾜｲ」5mg
グループ14⑥_2_6,ｸｴﾁｱﾋﾟﾝ錠100mg｢ﾃﾊﾞ｣
グループ1⑤_1_0,ｴﾎﾁｰﾙ錠5mg
グループ4⑤_2_5,ｱﾑﾛｼﾞﾋﾟﾝOD錠5mg｢杏林｣
グループ10⑪_2_5,ｿﾞﾃﾋﾟﾝ錠100mg｢ﾀｶﾀ｣
グループ9⑦_1_7,ｴﾝﾃｶﾋﾞﾙ錠0.5mg「ｻﾝﾄﾞ」
グループ2⑧_2_7,ｵｲｸﾞﾙｺﾝ錠2.5mg
グループ12⑩_2_2,ｼﾞｴﾉｹﾞｽﾄ錠1mg「F」
グループ9⑩_2_1,ｴﾝﾃｶﾋﾞﾙ錠0.5mg「JG」
グループ14⑦_2_11,ｾﾞｽﾄﾘﾙ錠10
グループ7④_1_2,ｱﾛﾁﾉﾛｰﾙ塩酸塩錠5mg｢ｻﾜｲ｣
グループ14⑧_1_7,ｸｴﾁｱﾋﾟﾝ錠100mg｢ﾃﾊﾞ｣
グループ6⑨_1_4,ｵﾗﾝｻﾞﾋﾟﾝOD錠1.25mg｢ｱﾒﾙ｣
グループ3⑨_2_8,50mgｱﾘﾅﾐﾝF糖衣錠
グループ3⑥_1_6,ｱｷﾈﾄﾝ錠1mg
グループ5③_1_0,ｵﾙﾒｻﾙﾀﾝOD錠40mg｢DSEP｣
グループ5⑪_1_2,ｵﾗﾝｻﾞﾋﾟﾝ錠2.5mg｢ﾆﾌﾟﾛ｣
グループ9⑪_2_0,ｴﾝﾃｶﾋﾞﾙ錠0.5mg「JG」
グループ7⑤_2_1,ｱｼﾞﾙﾊﾞ錠20mg
グループ13⑨_1_9,ｸﾘｱﾐﾝ配合錠A1.0
グループ7⑥_2_4,ｱﾃﾉﾛｰﾙ錠25mg｢ﾄｰﾜ｣
グループ4⑪_1_8,ｱﾄﾙﾊﾞｽﾀﾁﾝ錠10mg｢ｻﾝﾄﾞ｣
グループ6⑤_2_4,ｵﾙﾒｻﾙﾀﾝOD錠20mg｢DSEP｣
グループ9⑪_1_7,ｴｸｾﾗｰｾﾞ配合錠
グループ2⑩_2_5,ｳﾙｿﾃﾞｵｷｼｺｰﾙ酸錠100mg｢ﾃﾊﾞ｣
グループ12⑧_2_7,ｼﾞﾒﾁｺﾝ錠40mg｢ﾌｿｰ｣
グループ9⑤_2_3,ｴﾌｨｴﾝﾄOD錠20mg
グループ5①_2_3,ｲﾙｱﾐｸｽ配合錠HD｢三和｣
グループ4⑤_2_6,ｱﾄﾙﾊﾞｽﾀﾁﾝ錠10mg｢ｻﾝﾄﾞ｣
グループ10①_1_3,NEｿﾌﾄｶﾌﾟｾﾙ200mg
グループ14⑦_2_4,ｾﾚﾈｰｽ錠3mg
グループ3⑦_2_4,ｱｿﾞｾﾐﾄﾞ錠60mg｢JG｣
グループ13⑦_1_6,ｸﾛﾋﾟﾄﾞｸﾞﾚﾙ錠75mg｢ｻﾜｲ｣,ｸﾛﾋﾟﾄﾞｸﾞﾚﾙ錠75mg｢ｻﾜｲ｣
グループ5⑦_1_10,ｲｺｻﾍﾟﾝﾄ酸ｴﾁﾙｶﾌﾟｾﾙ300mg｢YD｣
グループ6⑦_1_12,ｱﾚｸﾞﾗ錠60mg
グループ13⑧_2_6,ｸﾛﾙﾌﾟﾛﾊﾟﾐﾄﾞ錠250mg｢KN｣
グループ9⑪_1_2,ｴﾘｷｭｰｽ錠5mg
グループ8③_1_0,ｱﾌﾛｸｱﾛﾝ錠20mg｢ｻﾜｲ｣
グループ11②_1_0,ｶﾝﾃﾞｻﾙﾀﾝ錠4mg｢ｹﾐﾌｧ｣
グループ3⑥_2_0,ｱｿﾞｾﾐﾄﾞ錠60mg｢JG｣
グループ5⑤_1_3,ｲｺｻﾍﾟﾝﾄ酸ｴﾁﾙｶﾌﾟｾﾙ300mg｢YD｣
グループ7⑥_2_1,ｱﾅﾌﾗﾆｰﾙ錠10mg
グループ8⑩_1_7,ｱｺﾌｧｲﾄﾞ錠100mg
グループ3⑦_1_16,ｱﾑﾛｼﾞﾋﾟﾝOD錠5mg｢武田ﾃﾊﾞ｣
グループ11⑧_1_3,ｿﾞﾃﾋﾟﾝ錠25mg｢ﾀｶﾀ｣
グループ2③_1_2,ｴﾝﾃｶﾋﾞﾙ錠0.5mg「YD」
グループ5⑥_2_6,ｵﾒﾌﾟﾗｿﾞｰﾙ腸溶錠10mg｢武田ﾃﾊﾞ｣
グループ3⑪_2_9,ｱｷﾈﾄﾝ錠1mg
グループ1⑧_1_6,ｴﾘｽﾛﾏｲｼﾝ錠200mg｢ｻﾜｲ｣
グループ1⑪_2_9,ｴﾘｽﾛｼﾝ錠200mg
グループ4⑦_2_3,ｲﾙﾍﾞｻﾙﾀﾝOD錠200mg｢JG｣
グループ6③_2_1,ｱﾝﾌﾞﾛｷｿｰﾙ塩酸塩錠15mg｢日医工｣
グループ3①_2_4,ｴﾅﾗﾌﾟﾘﾙﾏﾚｲﾝ酸塩錠5mg｢MEEK｣
グループ4⑦_1_14,ｱﾄﾙﾊﾞｽﾀﾁﾝ錠10mg｢ｻﾝﾄﾞ｣
グループ13⑪_2_0,ｸﾛﾋﾟﾄﾞｸﾞﾚﾙ錠75mg｢SANIK｣,ｸﾛﾋﾟﾄﾞｸﾞﾚﾙ錠75mg｢SANIK｣
グループ14⑤_1_7,ｾﾁﾛ配合錠
グループ9④_1_3,ｴﾘｷｭｰｽ錠5mg
グループ4⑥_1_6,ｱﾝﾌﾞﾛｷｿｰﾙ塩酸塩錠15mg｢ﾄｰﾜ｣
グループ11⑪_2_8,ｶﾙﾎﾞｼｽﾃｲﾝ錠250mg｢TCK｣
グループ8⑪_1_0,ｱﾌﾟﾚｿﾞﾘﾝ錠10mg
グループ4⑦_1_15,ｱｰﾁｽﾄ錠2.5mg
グループ10⑧_2_1,ｿﾞﾆｻﾐﾄﾞ錠100mg｢ｱﾒﾙ｣
グループ12③_1_3,ｼﾛﾄﾞｼﾝOD錠4mg｢DSEP｣
グループ5⑪_1_6,ｵﾙｹﾃﾞｨｱ錠1mg
グループ10⑧_2_8,NEｿﾌﾄｶﾌﾟｾﾙ200mg
グループ12⑦_1_9,ｼﾝﾊﾞｽﾀﾁﾝ錠10mg「杏林」
グループ14①_2_0,ｷﾈﾀﾞｯｸ錠50mg
グループ14②_1_3,ｾﾞｽﾄﾘﾙ錠10
グループ2⑪_2_0,ｵｰﾈｽSP配合ｶﾌﾟｾﾙ
グループ11⑦_1_11,ｶﾙﾌｨｰﾅ錠0.5μg(ﾏﾙﾎ)
グループ9⑤_2_1,ｴﾝﾃｶﾋﾞﾙ錠0.5mg「ﾌｧｲｻﾞｰ」
グループ12⑧_1_0,ｼﾞﾋﾟﾘﾀﾞﾓｰﾙ錠12.5mg｢JG｣
グループ6③_1_2,ｱﾙｼﾞｵｷｻ錠100mg｢あすか｣
グループ10③_2_2,ｿﾞﾃﾋﾟﾝ錠100mg｢ﾀｶﾀ｣
グループ5⑧_1_3,ｲｽｺﾁﾝ錠100mg 
グループ9⑦_1_13,ｴｸﾒｯﾄ配合錠LD
グループ4⑦_2_18,ｱｽﾊﾟﾗｶﾘｳﾑ錠300mg
グループ12⑩_2_8,ｼﾝﾊﾞｽﾀﾁﾝ錠10mg「杏林」
グループ13⑨_1_4,ｸｴﾁｱﾋﾟﾝ錠200mg｢EE｣
グループ12④_2_2,ｼﾞｮｻﾏｲｼﾝ錠50mg
グループ12⑦_1_12,硝酸ｲｿｿﾙﾋﾞﾄﾞ徐放錠20mg「ﾄｰﾜ」
グループ9⑧_2_4,ｱｾﾄｱﾐﾉﾌｪﾝ錠200mg｢ﾃﾊﾞ｣
グループ4⑦_2_13,ｱﾄﾙﾊﾞｽﾀﾁﾝ錠5mg｢ｻﾝﾄﾞ｣
グループ3③_2_0,ｱｸﾄｽ錠15 
グループ3⑦_1_3,ｱﾛﾌﾟﾘﾉｰﾙ錠100mg｢杏林｣
グループ6⑦_1_9,ｱｼﾞｽﾛﾏｲｼﾝ250mg｢ﾀｶﾀ｣
グループ2⑦_2_5,ｲﾙﾍﾞﾀﾝ錠50mg
グループ4⑧_2_1,ｱﾏﾘｰﾙ1mg錠
グループ8⑤_1_8,ｱﾛﾌﾟﾘﾉｰﾙ錠100mg｢ｹﾐﾌｧ｣
グループ2④_2_3,ｳﾗﾘｯﾄ配合錠
グループ8⑥_1_7,ｱﾄﾙﾊﾞｽﾀﾁﾝ錠5mg「Me」
グループ1⑥_2_4,ｴｸｾｸﾞﾗﾝ錠100mg
グループ5⑨_2_3,ｵﾗﾝｻﾞﾋﾟﾝOD錠2.5mg「日医工」
グループ1⑦_1_0,ｴｾﾞﾁﾐﾌﾞ錠10mg｢TE｣
グループ1⑧_2_9,ｴﾘｽﾛﾏｲｼﾝ錠200mg｢ｻﾜｲ｣
グループ13⑤_2_3,ｸﾞﾘﾒﾋﾟﾘﾄﾞ錠0.5mg｢ｻﾝﾄﾞ｣
グループ9⑧_1_5,ｱﾒｼﾞﾆｳﾑﾒﾁﾙ硫酸塩錠10mg｢ﾄｰﾜ｣
グループ8⑥_2_7,ｱﾙﾌｧｶﾙｼﾄﾞｰﾙｶﾌﾟｾﾙ0.25μg｢あすか｣
グループ1⑥_2_6,ｴﾍﾟﾘｿﾞﾝ塩酸塩錠50mg｢ﾄｰﾜ｣
グループ13⑥_1_6,ｸﾘｱﾐﾝ配合錠A1.0
グループ2⑩_1_1,ｲﾙﾍﾞｻﾙﾀﾝ錠50mg｢JG｣
グループ13⑥_2_9,ｸﾛﾗﾑﾌｪﾆｺｰﾙ腟錠100mg｢F｣
グループ2⑥_1_9,ｵﾛﾊﾟﾀｼﾞﾝ塩酸塩錠5mg「NPI」
グループ10⑨_2_5,ｴﾍﾟﾘｿﾞﾝ塩酸塩錠50mg｢旭化成｣
グループ14⑦_2_9,ｾﾝﾅﾘﾄﾞ錠12mg
グループ10⑥_1_4,ｴﾅﾗﾌﾟﾘﾙﾏﾚｲﾝ酸塩錠10mg｢TCK｣
グループ9⑩_1_5,ｴｸﾒｯﾄ配合錠LD
グループ14③_1_2,ｾﾙﾄﾗﾘﾝ錠25mg｢YD｣
グループ6⑦_1_3,ｵﾙﾒｻﾙﾀﾝ錠40mg「ﾆﾌﾟﾛ」
グループ9③_1_3,ｴｸﾒｯﾄ配合錠LD
グループ10⑨_1_8,ｴﾅﾗﾌﾟﾘﾙﾏﾚｲﾝ酸塩錠10mg｢TCK｣
グループ5②_2_2,ｲﾐﾀﾞﾌﾟﾘﾙ塩酸塩錠5mg｢ｹﾐﾌｧ｣
グループ1⑦_2_7,ｴﾅﾗﾌﾟﾘﾙﾏﾚｲﾝ酸塩錠5mg｢ﾌｿｰ｣
グループ13⑤_2_7,ｸﾞﾘﾍﾞﾝｸﾗﾐﾄﾞ錠1.25mg｢武田ﾃﾊﾞ｣
グループ12⑩_1_6,ｼﾝﾊﾞｽﾀﾁﾝ錠20mg｢武田ﾃﾊﾞ｣
グループ8⑪_1_1,ｱｽﾄﾐﾝ錠10mg
グループ3⑥_1_4,ｱｷﾈﾄﾝ錠1mg
グループ7①_2_1,ｱﾛﾌﾟﾘﾉｰﾙ錠100mg｢ﾃﾊﾞ｣
グループ2②_2_1,ｳﾙｿﾃﾞｵｷｼｺｰﾙ酸錠100mg｢JG｣
グループ9⑩_2_3,ｴｸﾒｯﾄ配合錠LD
グループ10⑧_2_2,ｴﾚﾄﾘﾌﾟﾀﾝ錠20mg｢TCK｣
グループ7⑤_1_6,ｱﾑﾛｼﾞﾋﾟﾝ錠2.5mg｢TCK｣
グループ5④_1_0,ｵﾙﾒｻﾙﾀﾝOD錠40mg｢DSEP｣
グループ3⑩_1_1,ｱﾃﾉﾛｰﾙ錠25mg｢ﾌｧｲｻﾞｰ｣
グループ4⑨_2_4,ｱﾛﾌﾟﾘﾉｰﾙ錠100mg｢ﾀｶﾀ｣
グループ10⑩_1_1,ｴﾊﾟﾙﾚｽﾀｯﾄ錠50mg｢武田ﾃﾊﾞ｣
グループ13⑨_1_7,ｸｴﾁｱﾋﾟﾝ錠200mg｢明治｣
グループ7⑧_2_0,ｱﾑﾛｼﾞﾋﾟﾝOD錠2.5mg｢武田ﾃﾊﾞ｣
グループ13⑦_2_0,ｸﾞﾘﾒﾋﾟﾘﾄﾞ錠0.5mg｢ｻﾝﾄﾞ｣
グループ3④_2_4,ｱﾃﾉﾛｰﾙ錠25mg｢日新｣
グループ13③_2_0,ｸﾛﾋﾟﾄﾞｸﾞﾚﾙ錠75mg｢SANIK｣,ｸﾛﾋﾟﾄﾞｸﾞﾚﾙ錠75mg｢SANIK｣
グループ4⑧_2_3,ｱﾃﾞｶｯﾄ7.5mg錠
グループ10③_2_0,ｿﾞﾃﾋﾟﾝ錠25mg｢ﾖｼﾄﾐ｣
グループ1⑩_1_7,ｴｽﾜﾝﾀｲﾎｳ配合OD錠T25
グループ9⑥_2_7,ｱﾒｼﾞﾆｳﾑﾒﾁﾙ硫酸塩錠10mg｢ﾄｰﾜ｣
グループ12⑦_1_14,ｼﾞｬﾃﾞｨｱﾝｽ錠10mg
グループ10⑩_1_5,ｿﾌｨｱC配合錠
グループ5⑧_1_0,ｲﾝｳﾞｪｶﾞ錠3mg
グループ11⑪_1_8,ｶﾞｽｺﾝ錠80mg
グループ3⑦_1_14,ｱﾝﾌﾞﾛｷｿｰﾙ塩酸塩錠15mg｢ｻﾜｲ｣ 
グループ14⑦_2_10,ｾﾘﾝｸﾛ錠10mg
グループ3⑥_2_2,ｱﾃﾉﾛｰﾙ錠25mg｢ﾌｧｲｻﾞｰ｣
グループ2⑧_1_0,ｵｲｸﾞﾙｺﾝ錠2.5mg
グループ5⑩_1_9,ｵｷｻﾄﾐﾄﾞ錠30mg｢CH｣
グループ14⑧_2_5,ｸﾞﾘﾒﾋﾟﾘﾄﾞ錠1mg｢ﾀﾅﾍﾞ｣
グループ14①_1_4,ｸﾞﾘﾒﾋﾟﾘﾄﾞ錠1mg｢ﾀﾅﾍﾞ｣,ｸﾞﾘﾒﾋﾟﾘﾄﾞ錠1mg｢EMEC｣
グループ7⑩_2_7,ｱﾛﾌﾟﾘﾉｰﾙ錠100mg｢ｻﾜｲ｣
グループ3⑪_2_7,ｱﾑﾛｼﾞﾋﾟﾝOD錠5mg｢武田ﾃﾊﾞ｣
グループ8③_1_1,ｱｽﾄﾐﾝ錠10mg
グループ2①_1_4,ｲﾝｳﾞｪｶﾞ錠6mg
グループ10⑦_1_10,ｴﾊﾟﾙﾚｽﾀｯﾄ錠50mg｢武田ﾃﾊﾞ｣
グループ4⑥_2_2,ｱﾃﾞｶｯﾄ7.5mg錠
グループ2⑨_1_7,ｳﾗﾘｯﾄ配合錠
グループ14⑦_2_8,ｾﾙﾄﾗﾘﾝ錠25mg｢ﾆﾌﾟﾛ｣
グループ12⑨_2_5,硝酸ｲｿｿﾙﾋﾞﾄﾞ徐放錠20mg「ﾄｰﾜ」
グループ14⑤_1_0,ｾﾚｺｷｼﾌﾞ錠100mg｢ｻﾜｲ｣
グループ5⑧_1_8,ｵｷｻﾄﾐﾄﾞ錠30mg｢CH｣
グループ8⑩_1_2,ｱﾑﾛｼﾞﾋﾟﾝOD錠5mg｢ﾌｧｲｻﾞｰ｣
グループ3⑦_2_9,ｱｼﾞﾚｸﾄ錠0.5mg
グループ10②_2_0,ｴﾚﾄﾘﾌﾟﾀﾝ錠20mg｢TCK｣
グループ1①_2_2,ｴﾍﾟﾘｿﾞﾝ塩酸塩錠50mg｢日医工｣
グループ12⑨_2_7,硝酸ｲｿｿﾙﾋﾞﾄﾞ徐放錠20mg「ﾄｰﾜ」
グループ11⑤_2_0,ｶﾙﾅｸﾘﾝ錠50
グループ9③_1_4,ｴﾝﾃｶﾋﾞﾙ錠0.5mg「ｻﾝﾄﾞ」
グループ9⑦_2_12,ｱｾﾄｱﾐﾉﾌｪﾝ錠200mg｢ﾃﾊﾞ｣
グループ5⑪_1_5,ｵﾛﾊﾟﾀｼﾞﾝ塩酸塩錠2.5mg「NPI」
グループ6⑦_2_13,ｵﾒﾌﾟﾗｿﾞｰﾙ錠10｢SW｣ 10mg
グループ14⑨_1_1,ｾﾛｹﾝL錠120mg
グループ7⑧_1_5,ｱｼﾞﾚｸﾄ錠1mg
グループ6⑨_1_7,ｵﾒﾌﾟﾗｿﾞｰﾙ錠20mg｢ｱﾒﾙ｣
グループ5④_2_3,ｵﾗﾝｻﾞﾋﾟﾝ錠2.5mg｢ﾆﾌﾟﾛ｣
グループ7②_2_0,ｱﾄﾙﾊﾞｽﾀﾁﾝ錠5mg｢DSEP｣
グループ9⑤_1_0,ｴﾌｨｴﾝﾄOD錠20mg
グループ6⑦_1_14,ｱｽﾞﾉｰﾙ錠2mg
グループ2⑦_1_16,ｳﾙｿﾃﾞｵｷｼｺｰﾙ酸錠100mg｢ﾄｰﾜ｣
グループ11⑨_1_2,ｶﾙﾌｨｰﾅ錠0.5μg(ﾏﾙﾎ)
グループ1⑤_2_6,ｴｽﾜﾝﾀｲﾎｳ配合OD錠T25
グループ7③_1_3,ｱﾛﾌﾟﾘﾉｰﾙ錠100mg｢ﾃﾊﾞ｣
グループ10⑧_1_4,NEｿﾌﾄｶﾌﾟｾﾙ200mg
グループ9⑦_1_11,ｴﾝﾃｶﾋﾞﾙ錠0.5mg「JG」
グループ1⑤_1_2,ｴﾍﾟﾘｿﾞﾝ塩酸塩錠50mg｢日医工｣
グループ9⑦_2_15,ｴﾝﾃｶﾋﾞﾙ錠0.5mg「ｻﾝﾄﾞ」
グループ14③_2_0,ｾﾙﾄﾗﾘﾝ錠25mg｢YD｣
グループ9⑪_2_2,ｴﾙﾃﾞｶﾙｼﾄｰﾙｶﾌﾟｾﾙ0.75μg｢ｻﾜｲ｣
グループ11⑦_2_4,ｿﾞﾃﾋﾟﾝ錠50mg｢ﾖｼﾄﾐ｣
グループ13②_2_1,ｸｴﾁｱﾋﾟﾝ錠200mg｢明治｣
グループ13⑩_1_3,ｸﾞﾘﾍﾞﾝｸﾗﾐﾄﾞ錠1.25mg｢武田ﾃﾊﾞ｣
グループ2⑤_2_0,ｲﾙﾍﾞｻﾙﾀﾝ錠50mg｢JG｣
グループ12⑦_1_2,ｼﾞｸﾛﾌｪﾅｸNa徐放ｶﾌﾟｾﾙ37.5mg｢ﾄｰﾜ｣
グループ10⑥_1_7,ｴﾋﾞﾘﾌｧｲ錠1mg
グループ12⑩_1_7,ｼﾝﾊﾞｽﾀﾁﾝ錠10mg「杏林」
グループ6⑨_2_8,ｵﾙﾒｻﾙﾀﾝOD錠20mg｢DSEP｣
グループ2⑪_2_8,ｳﾙｿﾃﾞｵｷｼｺｰﾙ酸錠100mg｢JG｣
グループ4④_2_4,ｱﾛﾌﾟﾘﾉｰﾙ錠100mg｢ﾀｶﾀ｣
グループ7①_1_3,ｱｼﾞﾚｸﾄ錠1mg
グループ10⑨_2_8,ｴﾅﾗﾌﾟﾘﾙﾏﾚｲﾝ酸塩錠5mg｢ｻﾜｲ｣
グループ10⑪_1_7,ｴﾝﾃｶﾋﾞﾙ錠0.5mg「武田ﾃﾊﾞ」
グループ14①_1_1,ｸﾞﾘﾒﾋﾟﾘﾄﾞ錠1mg｢ﾄｰﾜ｣,ｸﾞﾘﾒﾋﾟﾘﾄﾞ錠1mg｢EMEC｣
グループ13⑪_2_9,ｸﾛﾙﾌﾟﾛﾊﾟﾐﾄﾞ錠250mg｢KN｣
グループ13⑪_2_6,ｸﾞｰﾌｨｽ錠5mg
グループ8⑥_1_0,ｱﾄﾙﾊﾞｽﾀﾁﾝ錠5mg｢EE｣
グループ3⑧_2_8,ｱﾍﾞﾏｲﾄﾞ錠250mg
グループ7⑥_1_1,ｱﾅﾌﾗﾆｰﾙ錠10mg
グループ3⑪_2_3,ｱﾃﾉﾛｰﾙ錠25mg｢日新｣
グループ6⑩_2_8,ｵﾙﾒｻﾙﾀﾝOD錠5mg｢ﾆﾌﾟﾛ｣
グループ10⑦_1_6,ｴﾍﾟﾘｿﾞﾝ塩酸塩錠50mg｢旭化成｣
グループ7⑥_1_2,ｱﾛﾌﾟﾘﾉｰﾙ錠100mg｢ﾀﾅﾍﾞ｣,ｱﾛﾌﾟﾘﾉｰﾙ錠100mg｢ﾃﾊﾞ｣
グループ3②_1_0,ｱﾑﾛｼﾞﾋﾟﾝ錠2.5mg｢YD｣
グループ12⑦_1_13,ｼﾝﾊﾞｽﾀﾁﾝ錠20mg｢武田ﾃﾊﾞ｣
グループ6⑨_2_9,ｵﾒﾌﾟﾗｿﾞｰﾙ錠20mg｢ｱﾒﾙ｣
グループ7③_1_4,ｱｼﾞﾙﾊﾞ錠20mg
グループ7⑦_2_2,ｱﾑﾛｼﾞﾋﾟﾝ錠5mg｢明治｣
グループ7③_1_1,ｱﾛﾁﾉﾛｰﾙ塩酸塩錠5｢DSP｣
グループ13⑦_1_10,ｸｴﾁｱﾋﾟﾝ錠200mg｢EE｣
グループ9⑦_2_10,ｱﾒｼﾞﾆｳﾑﾒﾁﾙ硫酸塩錠10mg｢ﾄｰﾜ｣
グループ6⑪_1_5,ｱｽﾍﾞﾘﾝ錠20
グループ6⑨_1_1,ｵﾙﾒｻﾙﾀﾝOD錠20mg｢DSEP｣
グループ9⑪_2_7,ｴﾘｷｭｰｽ錠5mg
グループ13⑪_1_0,ｸﾞﾘﾒﾋﾟﾘﾄﾞ錠0.5mg｢ｻﾝﾄﾞ｣
グループ3⑥_2_6,ｱﾛﾌﾟﾘﾉｰﾙ錠100mg｢ﾂﾙﾊﾗ｣
グループ9③_2_1,ｴﾊﾟﾗｶﾌﾟｾﾙ300
グループ4⑦_1_3,ｱﾃﾞｶｯﾄ7.5mg錠
グループ6⑩_2_5,ｱﾚｸﾞﾗ錠60mg
グループ14⑩_2_7,ｾﾁﾛ配合錠
グループ1⑤_1_1,ｴﾝﾃｶﾋﾞﾙ錠0.5mg「CMX」
グループ11⑥_1_3,ｿﾞﾃﾋﾟﾝ錠25mg｢ﾀｶﾀ｣
グループ14⑦_2_0,ｾﾀﾌﾟﾘﾙ錠50mg
グループ5⑧_2_2,ｵｷｻﾄﾐﾄﾞ錠30mg｢CH｣
グループ8②_2_3,ｱﾙﾌｧｶﾙｼﾄﾞｰﾙ0.25ug｢日医工｣
グループ10⑨_2_2,ｴﾚﾄﾘﾌﾟﾀﾝ錠20mg｢TCK｣
グループ13⑥_1_0,ｸﾛﾌｨﾌﾞﾗｰﾄｶﾌﾟｾﾙ250mg｢ﾂﾙﾊﾗ｣,ｸﾛﾌｨﾌﾞﾗｰﾄｶﾌﾟｾﾙ250mg｢ﾂﾙﾊﾗ｣
グループ14⑥_1_4,ｷﾈﾀﾞｯｸ錠50mg
グループ4⑩_2_7,ｱｽﾊﾟﾗｶﾘｳﾑ錠300mg
グループ9⑦_2_0,ｴﾝﾃｶﾋﾞﾙ錠0.5mg「JG」
グループ9⑪_2_1,ｴﾃﾞｨﾛｰﾙｶﾌﾟｾﾙ0.75μg
グループ14⑪_2_3,ｾﾀﾌﾟﾘﾙ錠50mg
グループ8⑤_1_4,ｱｾﾄｱﾐﾉﾌｪﾝ錠500mg｢ﾏﾙｲｼ｣
グループ4⑨_1_7,ｲﾆｼﾝｸ配合錠
グループ6②_2_1,ｵﾒﾌﾟﾗｿﾞｰﾙ錠20mg｢ｱﾒﾙ｣
グループ6②_2_2,ｵﾙﾒｻﾙﾀﾝOD錠20mg｢DSEP｣
グループ2②_1_0,ｳﾙｿ錠100mg
グループ2①_2_0,ｲﾙﾍﾞｻﾙﾀﾝ錠50mg｢JG｣
グループ2⑩_2_9,ｳﾙｿﾃﾞｵｷｼｺｰﾙ酸錠100mg｢JG｣
グループ11⑪_2_5,ｶﾞｽｺﾝ錠80mg
グループ11⑩_1_5,ｶﾑｼｱ配合錠LD「ﾄｰﾜ」
グループ4⑦_1_4,ｱﾛﾌﾟﾘﾉｰﾙ錠100mg｢ﾀｶﾀ｣
グループ13⑧_1_0,ｸﾛﾌｨﾌﾞﾗｰﾄｶﾌﾟｾﾙ250mg｢ﾂﾙﾊﾗ｣,ｸﾛﾌｨﾌﾞﾗｰﾄｶﾌﾟｾﾙ250mg｢ﾂﾙﾊﾗ｣
グループ6①_1_3,ｵﾛﾊﾟﾀｼﾞﾝ塩酸塩OD錠5mg｢日医工｣
グループ7⑦_1_9,ｱﾃﾉﾛｰﾙ錠25mg｢ﾄｰﾜ｣
グループ2⑤_2_2,ｳﾙｿﾃﾞｵｷｼｺｰﾙ酸錠100mg｢ﾃﾊﾞ｣
グループ2③_2_0,ｵｲｸﾞﾙｺﾝ錠2.5mg
グループ6⑦_2_17,ｵﾙﾒｻﾙﾀﾝOD錠5mg｢ﾆﾌﾟﾛ｣
グループ13①_1_4,ｸﾛﾗﾑﾌｪﾆｺｰﾙ腟錠100mg｢F｣
グループ13⑥_2_6,ｸｴﾁｱﾋﾟﾝ錠200mg｢明治｣
グループ1⑥_1_8,ｴﾅﾗﾌﾟﾘﾙﾏﾚｲﾝ酸塩錠5mg｢TCK｣
グループ5⑨_1_8,ｲｺｻﾍﾟﾝﾄ酸ｴﾁﾙｶﾌﾟｾﾙ300mg｢YD｣
グループ7③_2_0,ｱｼﾞﾙﾊﾞ錠20mg
グループ1①_1_2,ｴﾅﾗﾌﾟﾘﾙﾏﾚｲﾝ酸塩錠2.5mg｢TCK｣
グループ13⑥_2_7,ｸﾛﾙﾌﾟﾛﾊﾟﾐﾄﾞ錠250mg｢KN｣
グループ7⑤_1_3,ｱﾛﾌﾟﾘﾉｰﾙ錠100mg｢ｻﾜｲ｣
グループ6⑤_1_1,ｵﾙﾒﾃｯｸOD錠5mg
グループ1⑪_2_5,ｴｾﾞﾁﾐﾌﾞ錠10mg｢DSEP｣
グループ14⑨_1_2,ｾﾚﾈｰｽ錠3mg
グループ14⑦_1_17,ｸｴﾁｱﾋﾟﾝ錠100mg｢ﾃﾊﾞ｣
グループ14⑤_1_8,ｾﾝﾅﾘﾄﾞ錠12mg
グループ10⑧_1_3,ｴﾋﾞﾘﾌｧｲ錠3mg
グループ4⑤_1_6,ｱﾏﾝﾀｼﾞﾝ塩酸塩錠50mg｢ｻﾜｲ｣
グループ11⑨_2_1,球形吸着炭ｶﾌﾟｾﾙ286mg｢日医工｣
グループ6⑦_1_4,ｵﾗﾝｻﾞﾋﾟﾝ錠2.5mg｢ｱﾒﾙ｣
グループ7⑩_1_7,ｱﾑﾛｼﾞﾝOD錠2.5mg
グループ13⑧_2_1,ｸﾛﾌｨﾌﾞﾗｰﾄｶﾌﾟｾﾙ250mg｢ﾂﾙﾊﾗ｣,ｸﾛﾌｨﾌﾞﾗｰﾄｶﾌﾟｾﾙ250mg｢ﾂﾙﾊﾗ｣
グループ6⑨_1_6,ｵﾗﾝｻﾞﾋﾟﾝOD錠1.25mg｢ｱﾒﾙ｣
グループ5⑩_1_8,ｵﾙｹﾃﾞｨｱ錠2mg
グループ12⑧_1_1,ｼﾙﾆｼﾞﾋﾟﾝ錠10mg｢ｻﾜｲ｣
グループ9⑩_1_4,ｴｸﾒｯﾄ配合錠HD
グループ10⑪_2_1,ｿﾞﾃﾋﾟﾝ錠25mg｢ﾖｼﾄﾐ｣
グループ3⑧_2_0,一硝酸ｲｿｿﾙﾋﾞﾄﾞ錠20mg｢ｻﾜｲ｣
グループ10⑨_1_1,ｴﾝﾃｶﾋﾞﾙOD錠0.5mg「ｻﾜｲ」
グループ4④_1_0,ｲﾝﾃﾊﾞﾝSP25
グループ14⑨_1_6,ｾﾘﾝｸﾛ錠10mg
グループ5⑩_2_7,ｲﾌｪﾝﾌﾟﾛｼﾞﾙ酒石酸塩錠20mg｢あすか｣
グループ12⑩_2_6,ｼﾝﾊﾞｽﾀﾁﾝ錠10mg「杏林」
グループ1⑪_1_3,ｴｾﾞﾁﾐﾌﾞ錠10mg｢DSEP｣
グループ10⑩_1_8,ｱﾑﾛｼﾞﾋﾟﾝOD錠10mg｢武田ﾃﾊﾞ｣
グループ11⑨_2_0,球形吸着炭ｶﾌﾟｾﾙ286mg｢日医工｣
グループ1⑥_1_7,ｴﾅﾗﾌﾟﾘﾙﾏﾚｲﾝ酸塩錠2.5mg｢ﾄｰﾜ｣  
グループ6⑨_2_4,ｵﾗﾝｻﾞﾋﾟﾝOD錠1.25mg｢ｱﾒﾙ｣
グループ14⑦_2_19,ｸｴﾁｱﾋﾟﾝ錠100mg｢ﾃﾊﾞ｣
グループ2③_1_0,ｵｲｸﾞﾙｺﾝ錠2.5mg
グループ4⑦_2_1,ｱﾏﾘｰﾙ1mg錠
グループ5⑧_2_0,ｲﾝｳﾞｪｶﾞ錠3mg
グループ12⑧_1_8,ｼﾒﾁｼﾞﾝ錠400mg｢TCK｣,ｼﾞﾒﾁｺﾝ錠40mg｢ﾌｿｰ｣
グループ10⑨_2_7,ｴﾅﾗﾌﾟﾘﾙﾏﾚｲﾝ酸塩錠10mg｢TCK｣
グループ12⑤_1_3,ｼﾛｽﾀｿﾞｰﾙOD錠50mg｢ｻﾜｲ｣
グループ7⑨_2_9,ｱﾛﾌﾟﾘﾉｰﾙ錠100mg｢ﾀﾅﾍﾞ｣
グループ3⑪_2_5,ｱﾃﾉﾛｰﾙ錠25mg｢日新｣
グループ1②_2_2,ｴﾁｿﾞﾗﾑ錠0.5mg「EMEC」,ｴﾁｿﾞﾗﾑ錠0.5mg「EMEC」
グループ11⑧_1_4,ｶﾙｼﾄﾘｵｰﾙｶﾌﾟｾﾙ0.5μg｢ﾄｰﾜ｣
グループ5⑩_1_7,ｵﾙﾒｻﾙﾀﾝOD錠40mg｢DSEP｣
グループ8⑥_1_8,ｱﾙﾌｧｶﾙｼﾄﾞｰﾙ0.25ug｢日医工｣
グループ14⑦_1_15,ｸﾞﾘﾒﾋﾟﾘﾄﾞ錠1mg｢ﾀﾅﾍﾞ｣
グループ12⑥_1_6,ｼﾒﾁｼﾞﾝ錠400mg｢TCK｣
グループ13②_1_4,ｸﾘｱﾐﾝ配合錠A1.0
グループ14⑩_1_0,ｾﾝﾅﾘﾄﾞ錠12mg
グループ9⑥_1_5,ｱﾒｼﾞﾆｳﾑﾒﾁﾙ硫酸塩錠10mg｢ﾄｰﾜ｣
グループ5⑦_1_5,ｵﾙﾒｻﾙﾀﾝOD錠40mg｢DSEP｣
グループ3⑤_2_4,ﾑｺﾌﾞﾘﾝ錠15mg
グループ3⑦_2_18,ｱﾛﾌﾟﾘﾉｰﾙ錠100mg｢杏林｣
グループ2⑤_1_8,ｳﾙｿ錠100mg
グループ11③_1_2,ｶﾑｼｱ配合錠HD「ﾄｰﾜ」
グループ9⑨_1_3,ｴｸﾒｯﾄ配合錠HD
グループ7⑧_1_8,ｱﾐﾃｨｰｻﾞｶﾌﾟｾﾙ12μg
グループ7③_2_2,ｱﾛﾁﾉﾛｰﾙ塩酸塩錠5｢DSP｣
グループ1⑪_2_4,ｴﾘｽﾛｼﾝ錠200mg
グループ3⑦_1_7,ｱｸﾄｽ錠15 
グループ7⑧_1_7,ｱﾐﾃｨｰｻﾞｶﾌﾟｾﾙ12μg
グループ11⑪_2_4,ｶﾙﾌｨｰﾅ錠0.5μg(ﾏﾙﾎ)
グループ14⑨_2_4,ｾﾚﾈｰｽ錠3mg
グループ13⑦_1_7,ｸﾞﾘﾍﾞﾝｸﾗﾐﾄﾞ錠1.25mg｢武田ﾃﾊﾞ｣
グループ2⑥_1_2,ｲﾙﾍﾞﾀﾝ錠50mg
グループ5⑨_2_7,ｲﾌｪﾝﾌﾟﾛｼﾞﾙ酒石酸塩錠10mg｢日医工｣
グループ5⑦_1_11,ｵﾙﾒｻﾙﾀﾝOD錠40mg｢DSEP｣
グループ3③_2_4,ｱﾑﾊﾞﾛ配合錠｢ｻﾝﾄﾞ｣
グループ1③_1_3,ｴﾅﾗﾌﾟﾘﾙﾏﾚｲﾝ酸塩錠5mg｢TCK｣
グループ13⑩_2_0,ｸﾞﾘﾒﾋﾟﾘﾄﾞ錠1mg｢ｵｰﾊﾗ｣,ｸﾞﾘﾒﾋﾟﾘﾄﾞ錠1mg｢ｵｰﾊﾗ｣
グループ3④_2_2,ｱﾛﾌﾟﾘﾉｰﾙ錠100mg｢杏林｣
グループ11④_2_0,ｶﾑｼｱ配合錠LD「ﾄｰﾜ」
グループ11⑤_2_6,ｶﾙﾎﾞｼｽﾃｲﾝ錠250mg｢TCK｣
グループ9③_2_2,ｴﾝﾃｶﾋﾞﾙ錠0.5mg「JG」
グループ2⑨_2_3,ｲﾐﾀﾞﾌﾟﾘﾙ塩酸塩錠5mg｢ｻﾜｲ｣
グループ8⑤_1_3,ｱｽﾄﾐﾝ錠10mg
グループ1⑨_1_1,ｴﾝﾃｶﾋﾞﾙ錠0.5mg「CMX」
グループ11④_2_3,ｶﾙﾎﾞｼｽﾃｲﾝ錠250mg｢ｻﾜｲ｣
グループ10⑥_1_5,ｴﾋﾞﾘﾌｧｲ錠3mg
グループ11⑧_2_3,ｿﾞﾃﾋﾟﾝ錠25mg｢ﾀｶﾀ｣
グループ2⑦_2_6,ｵﾊﾟﾙﾓﾝ錠5μg
グループ3⑦_2_0,ｱﾑﾛｼﾞﾋﾟﾝ錠2.5mg｢YD｣
グループ1⑧_1_9,ｴﾅﾗﾌﾟﾘﾙﾏﾚｲﾝ酸塩錠5mg｢ﾌｿｰ｣
グループ13⑦_2_12,ｸｴﾁｱﾋﾟﾝ錠200mg｢EE｣
グループ10⑪_1_3,ｳﾙｿﾃﾞｵｷｼｺｰﾙ酸錠100mg｢ｻﾜｲ｣
グループ4⑦_1_7,ｱﾝﾌﾞﾛｷｿｰﾙ塩酸塩錠15mg｢ﾄｰﾜ｣
グループ12②_1_3,硝酸ｲｿｿﾙﾋﾞﾄﾞ徐放錠20mg「ﾄｰﾜ」
グループ5⑤_2_2,ｲﾙﾍﾞｻﾙﾀﾝ錠200mg｢JG｣
グループ4⑪_1_1,ｱﾑﾛｼﾞﾋﾟﾝOD錠5mg｢杏林｣
グループ13③_2_3,ｸｴﾁｱﾋﾟﾝ錠100mg｢ｻﾜｲ｣,ｸｴﾁｱﾋﾟﾝ錠100mg｢ﾃﾊﾞ｣,ｸｴﾁｱﾋﾟﾝ錠100mg｢ﾃﾊﾞ｣
グループ2⑪_1_9,ｳﾙｿ錠100mg
グループ14④_1_2,ｾﾌｼﾞﾄﾚﾝﾋﾟﾎﾞｷｼﾙ錠100mg｢ﾄｰﾜ｣
グループ12⑨_1_0,ｼﾞｸﾛﾌｪﾅｸNa徐放ｶﾌﾟｾﾙ37.5mg｢ﾄｰﾜ｣
グループ3⑥_2_4,ｱﾝﾌﾞﾛｷｿｰﾙ塩酸塩錠15mg｢ZE｣
グループ8③_2_2,ｱﾑﾛｼﾞﾋﾟﾝOD錠5mg「日医工」
グループ5⑪_2_5,ｵﾛﾊﾟﾀｼﾞﾝ塩酸塩錠2.5mg「NPI」
グループ11④_1_0,ｶﾙﾍﾞｼﾞﾛｰﾙ錠1.25mg｢ｻﾜｲ｣
グループ5⑧_1_4,ｲﾌｪﾝﾌﾟﾛｼﾞﾙ酒石酸塩錠20mg｢あすか｣
グループ2①_1_1,硝酸ｲｿｿﾙﾋﾞﾄﾞ徐放ｶﾌﾟｾﾙ20mg｢St｣
グループ10⑨_1_3,ｴﾚﾄﾘﾌﾟﾀﾝ錠20mg｢TCK｣
グループ5⑩_2_2,ｵﾙﾒｻﾙﾀﾝOD錠40mg｢DSEP｣
グループ1⑧_1_7,ｴﾘｽﾛﾏｲｼﾝ錠200mg｢ｻﾜｲ｣
グループ3⑩_2_1,ｱｸﾄｽ錠15 
グループ3⑥_2_5,ｱﾃﾉﾛｰﾙ錠25mg｢日新｣
グループ9⑥_2_6,ｱﾑﾛｼﾞﾋﾟﾝOD錠10mg｢武田ﾃﾊﾞ｣
グループ3①_1_1
グループ5⑪_2_4,ｵﾛﾊﾟﾀｼﾞﾝ塩酸塩錠2.5mg「NPI」
グループ2⑦_2_8,ｵｲｸﾞﾙｺﾝ錠2.5mg
グループ9⑧_1_3,ｱﾒｼﾞﾆｳﾑﾒﾁﾙ硫酸塩錠10mg｢ﾄｰﾜ｣
グループ14⑦_1_12,ｾﾁﾛ配合錠
グループ9⑤_2_9,ｴｸｾﾗｰｾﾞ配合錠
グループ5④_1_1,ｵﾙｹﾃﾞｨｱ錠1mg
グループ3⑨_1_0,ｱﾑﾛｼﾞﾋﾟﾝ錠2.5mg｢YD｣
グループ5⑤_2_3,ｲｺｻﾍﾟﾝﾄ酸ｴﾁﾙｶﾌﾟｾﾙ300mg｢YD｣
グループ3⑨_2_0,ｱﾑﾛｼﾞﾋﾟﾝ錠2.5mg｢YD｣
グループ2⑨_2_5,ｵﾊﾟﾙﾓﾝ錠5μg
グループ2⑧_2_8,ｵｲｸﾞﾙｺﾝ錠2.5mg
グループ2⑧_2_0,ｲﾐﾀﾞﾌﾟﾘﾙ塩酸塩錠5mg｢ｵｰﾊﾗ｣,ｲﾐﾀﾞﾌﾟﾘﾙ塩酸塩錠5mg｢ｵｰﾊﾗ｣
グループ14⑦_2_1,ｾﾛｹﾝL錠120mg
グループ13⑦_1_13,ｸﾞｰﾌｨｽ錠5mg
グループ12⑥_1_8,ｶﾙｺｰﾊﾟ配合錠L100
グループ4⑩_2_2,ｱﾚﾋﾞｱﾁﾝ錠100mg
グループ4③_1_1,ｱﾑﾛｼﾞﾋﾟﾝ錠2.5mg｢ﾄｰﾜ｣
グループ3⑥_1_2,ｱﾃﾉﾛｰﾙ錠25mg｢ﾌｧｲｻﾞｰ｣
グループ14⑩_1_6,ｾﾝﾉｼﾄﾞ錠12mg｢ｻﾝﾄﾞ｣
グループ12⑦_1_4,ｼﾞｴﾉｹﾞｽﾄ錠1mg「F」
グループ1①_2_3,ｴｽﾜﾝﾀｲﾎｳ配合OD錠T20
グループ12⑤_2_4,ｼﾛﾄﾞｼﾝOD錠4mg｢DSEP｣
グループ3⑩_1_8,ｱﾑﾊﾞﾛ配合錠｢ｻﾝﾄﾞ｣
グループ11⑪_2_6,ｶﾞｽｺﾝ錠80mg
グループ12⑤_2_5,ｼﾛｽﾀｿﾞｰﾙ錠50mg｢JG｣
グループ13①_2_4,ｸﾛﾗﾑﾌｪﾆｺｰﾙ腟錠100mg｢F｣
グループ14⑥_2_5,ｸﾞﾘｸﾗｼﾞﾄﾞ錠40mg｢ｻﾜｲ｣
グループ10⑦_2_16,ｿﾞﾃﾋﾟﾝ錠100mg｢ﾀｶﾀ｣
グループ13⑩_2_1,ｸﾞﾘﾒﾋﾟﾘﾄﾞ錠1mg｢ｵｰﾊﾗ｣,ｸﾞﾘﾒﾋﾟﾘﾄﾞ錠1mg｢ｵｰﾊﾗ｣
グループ12⑨_1_5,ｼﾍﾞﾉｰﾙ錠50mg
グループ4④_1_1,ｲｰｹﾌﾟﾗ錠250mg
グループ11⑧_1_6,ｶﾙｼﾄﾘｵｰﾙｶﾌﾟｾﾙ0.25μg｢ﾄｰﾜ｣
グループ9⑩_2_0,ｴﾝﾃｶﾋﾞﾙ錠0.5mg「JG」
グループ8⑥_2_5,ｱﾙﾌｧｶﾙｼﾄﾞｰﾙ0.25ug｢日医工｣
グループ1⑦_2_9,ｴﾍﾟﾘｿﾞﾝ塩酸塩錠50mg｢日医工｣
グループ1⑩_2_7,ｴｽﾜﾝﾀｲﾎｳ配合OD錠T25
グループ3③_1_4,ｱﾑﾊﾞﾛ配合錠｢ｻﾝﾄﾞ｣
グループ14⑧_2_9,ｸｴﾁｱﾋﾟﾝ錠100mg｢ﾃﾊﾞ｣
グループ2⑦_1_9,ｲﾝｳﾞｪｶﾞ錠6mg
グループ14⑦_2_6,ｷﾈﾀﾞｯｸ錠50mg
グループ2⑥_2_0,ｲﾙﾍﾞﾀﾝ錠50mg
グループ1⑩_2_4,ｴﾅﾗﾌﾟﾘﾙﾏﾚｲﾝ酸塩錠2.5mg｢TCK｣
グループ1⑦_1_11,ｴﾍﾟﾘｿﾞﾝ塩酸塩錠50mg｢ﾄｰﾜ｣
グループ3⑥_1_7,ｱﾑﾛｼﾞﾋﾟﾝ錠2.5mg｢ｻﾝﾄﾞ｣
グループ10⑥_2_7,ｴﾅﾗﾌﾟﾘﾙﾏﾚｲﾝ酸塩錠10mg｢TCK｣
グループ8⑥_1_3,ｱﾀﾗｯｸｽ-Pｶﾌﾟｾﾙ50mg
グループ12②_1_2,ｼﾒﾁｼﾞﾝ錠400mg｢TCK｣
グループ6⑥_1_4,ｵﾙﾒｻﾙﾀﾝOD錠5mg｢ﾆﾌﾟﾛ｣
グループ12②_2_0,ｼﾞｸﾛﾌｪﾅｸNa徐放ｶﾌﾟｾﾙ37.5mg｢ﾄｰﾜ｣
グループ9⑤_2_4,ｴﾊﾟﾛｰｽｶﾌﾟｾﾙ300mg
グループ2①_2_4,ｳﾙｿﾃﾞｵｷｼｺｰﾙ酸錠100mg｢ﾃﾊﾞ｣
グループ5⑥_1_3,ｵﾙﾒｻﾙﾀﾝOD錠40mg｢DSEP｣
グループ3⑪_2_4,ｱﾑﾛｼﾞﾋﾟﾝOD錠5mg｢武田ﾃﾊﾞ｣
グループ1⑧_1_0,ｴﾘｽﾛﾏｲｼﾝ錠200mg｢ｻﾜｲ｣
グループ5③_2_3,ｲﾌｪﾝﾌﾟﾛｼﾞﾙ酒石酸塩錠20mg｢あすか｣
グループ5⑨_1_0,ｲﾙﾍﾞｻﾙﾀﾝ錠100mg｢JG｣
グループ4⑪_2_4,ｱﾙﾌｧｶﾙｼﾄﾞｰﾙｶﾌﾟｾﾙ0.5μg｢日医工｣
グループ2⑦_2_13,ｴﾄﾄﾞﾗｸ錠100mg「日医工」
グループ6④_2_0,ｱﾓｷｼｼﾘﾝｶﾌﾟｾﾙ250mg｢日医工｣
グループ11⑧_1_0,ｿﾞﾃﾋﾟﾝ錠50mg｢ﾖｼﾄﾐ｣
グループ1⑦_1_17,ｴｸｾﾗｰｾﾞ配合錠
グループ3⑤_1_8,ｱｷﾈﾄﾝ錠1mg
グループ11③_2_0,ｶﾙﾅｸﾘﾝ錠50
グループ9②_2_1,ｴｸﾒｯﾄ配合錠HD
グループ1⑨_2_0,ｴﾝﾃｶﾋﾞﾙ錠0.5mg「CMX」
グループ13⑦_1_9,ｸﾗﾘｽﾛﾏｲｼﾝ錠200mg｢CH｣ 
グループ5⑪_2_0,ｵﾙﾒｻﾙﾀﾝ錠10mg「三和」
グループ4⑧_1_7,ｱﾏﾘｰﾙ1mg錠
グループ7⑦_2_5,ｱﾛﾌﾟﾘﾉｰﾙ錠100mg｢ﾀﾅﾍﾞ｣
グループ9⑤_1_6,ｴﾝﾃｶﾋﾞﾙ錠0.5mg「ｻﾝﾄﾞ」
グループ6⑨_1_2,ｵﾙﾒｻﾙﾀﾝOD錠20mg｢DSEP｣
グループ5①_1_2,ｲｽｺﾁﾝ錠100mg 
グループ11③_2_2,ｶﾙﾎﾞｼｽﾃｲﾝ錠250mg｢TCK｣
グループ3⑦_2_2,ｱﾛﾌﾟﾘﾉｰﾙ錠100mg｢杏林｣
グループ6⑩_2_4,ｵﾙﾒｻﾙﾀﾝOD錠5mg｢ﾆﾌﾟﾛ｣
グループ10⑥_2_3,ATP腸溶錠20mg｢AFP｣
グループ9②_1_1,ｴｸﾒｯﾄ配合錠HD
グループ11⑨_2_7,ｶﾙﾌﾞﾛｯｸ錠8mg
グループ7⑦_2_6,ｱｲﾋﾟｰﾃﾞｨｶﾌﾟｾﾙ50
グループ2⑦_2_0,ｲﾐﾀﾞﾌﾟﾘﾙ塩酸塩錠5mg｢ｵｰﾊﾗ｣,ｲﾐﾀﾞﾌﾟﾘﾙ塩酸塩錠5mg｢ｵｰﾊﾗ｣
グループ12⑧_1_2,ｼﾙﾆｼﾞﾋﾟﾝ錠10mg｢ｻﾜｲ｣
グループ4⑪_2_6,ｱﾑﾛｼﾞﾋﾟﾝOD錠5mg｢杏林｣
グループ11④_1_1,ｶﾙﾎﾞｼｽﾃｲﾝ錠500mg｢ﾃﾊﾞ｣
グループ7⑥_2_0,ｱﾑﾛｼﾞﾋﾟﾝOD錠「ｻﾜｲ」5mg
グループ6⑥_1_0,ｱﾝﾌﾞﾛｷｿｰﾙ塩酸塩錠15mg｢日医工｣
グループ3⑥_1_3,ｱｿﾞｾﾐﾄﾞ錠60mg｢JG｣
グループ8④_2_2,ｱｾﾄｱﾐﾉﾌｪﾝ錠500mg｢ﾏﾙｲｼ｣
グループ14⑤_1_1,ｾﾝﾉｼﾄﾞ錠12mg｢ｻﾝﾄﾞ｣
グループ11④_1_2,ｶﾑｼｱ配合錠LD「ﾄｰﾜ」
グループ11⑤_2_8,ｶﾞｽｺﾝ錠80mg
グループ9⑦_1_0,ｴﾝﾃｶﾋﾞﾙ錠0.5mg「KN」
グループ2⑨_1_9,ｵﾊﾟﾙﾓﾝ錠5μg
グループ13⑪_2_2,ｸﾞﾘﾒﾋﾟﾘﾄﾞ錠0.5mg｢ｻﾝﾄﾞ｣
グループ4⑩_2_8,ｱｽﾊﾟﾗｶﾘｳﾑ錠300mg
グループ3⑦_1_10,ｱﾝﾌﾞﾛｷｿｰﾙ塩酸塩錠15mg｢ｻﾜｲ｣ 
グループ4⑧_1_5,ｱﾃﾞｶｯﾄ7.5mg錠
グループ2⑥_1_5,ｴﾝﾃｶﾋﾞﾙ錠0.5mg「YD」
グループ3⑤_1_5,ｵﾛﾊﾟﾀｼﾞﾝ塩酸塩錠5mg｢YD｣
グループ4⑪_2_7,ｱｽﾊﾟﾗｶﾘｳﾑ錠300mg
グループ12⑩_2_7,ｼﾝﾊﾞｽﾀﾁﾝ錠20mg｢武田ﾃﾊﾞ｣
グループ4⑨_2_8,ｲﾆｼﾝｸ配合錠
グループ3⑪_2_1,ｱｿﾞｾﾐﾄﾞ錠60mg｢JG｣
グループ11⑤_2_5,ｶﾙﾌｨｰﾅ錠0.25μg
グループ13⑨_1_0,ｸﾞﾘﾒﾋﾟﾘﾄﾞ錠1mg｢EMEC｣
グループ9⑩_2_6,ｴｸﾒｯﾄ配合錠LD
グループ3④_1_1,ｱﾛﾌﾟﾘﾉｰﾙ錠100mg｢ﾂﾙﾊﾗ｣
グループ14⑪_1_3,ｾﾞｽﾄﾘﾙ錠10
グループ10⑨_2_6,ｴﾅﾗﾌﾟﾘﾙﾏﾚｲﾝ酸塩錠10mg｢TCK｣
グループ14⑤_2_2,ｾﾚｺｷｼﾌﾞ錠100mg｢ｻﾜｲ｣
グループ12⑦_2_8,ｼﾞｮｻﾏｲｼﾝ錠50mg
グループ7⑦_2_15,ｱﾐﾃｨｰｻﾞｶﾌﾟｾﾙ12μg
グループ9⑩_1_7,ｴﾝﾃｶﾋﾞﾙ錠0.5mg「ﾄｰﾜ」
グループ3⑨_1_9,ｱｷﾈﾄﾝ錠1mg
グループ13⑩_1_2,ｸﾞﾘﾐｸﾛﾝHA錠20mg
グループ10⑦_2_14,ｴﾅﾗﾌﾟﾘﾙﾏﾚｲﾝ酸塩錠10mg｢TCK｣
グループ10⑦_1_13,ｿﾞﾋﾟｸﾛﾝ錠7.5mg｢杏林｣,ｴﾅﾗﾌﾟﾘﾙﾏﾚｲﾝ酸塩錠10mg｢TCK｣
グループ1⑪_1_6,ｴﾊﾞﾐｰﾙ錠1.0
グループ9③_1_0,ｴﾌｨｴﾝﾄOD錠20mg
グループ9⑨_1_0,ｴﾝﾃｶﾋﾞﾙ錠0.5mg「KN」
グループ8⑩_2_7,ｱｾﾄｱﾐﾉﾌｪﾝ錠500mg｢ﾏﾙｲｼ｣
グループ8⑥_2_1,ｱﾄﾙﾊﾞｽﾀﾁﾝ錠10mg｢DSEP｣
グループ14④_1_1,ｾﾝﾅﾘﾄﾞ錠12mg
グループ14⑪_1_5,ｾﾚｺｯｸｽ錠100mg
グループ9⑥_1_4,ｱｾﾄｱﾐﾉﾌｪﾝ錠200mg｢ﾃﾊﾞ｣
グループ14⑤_2_4,ｾﾝﾅﾘﾄﾞ錠12mg
グループ1⑩_1_4,ｴﾍﾟﾘｿﾞﾝ塩酸塩錠50mg｢ﾄｰﾜ｣
グループ11⑦_1_5,ｶﾑｼｱ配合錠HD「ﾄｰﾜ」
グループ8⑩_2_4,ｱｾﾄｱﾐﾉﾌｪﾝ錠500mg｢ﾏﾙｲｼ｣
グループ8⑩_1_5,ｱﾀﾞﾗｰﾄｶﾌﾟｾﾙ10mg
グループ11②_2_1,ｶﾙﾌｨｰﾅ錠0.5μg(ﾏﾙﾎ)
グループ5⑨_1_4,ｲﾐﾀﾞﾌﾟﾘﾙ塩酸塩錠5mg｢ｹﾐﾌｧ｣
グループ7⑤_2_4,ｱﾛﾌﾟﾘﾉｰﾙ錠100mg｢ｻﾜｲ｣
グループ6⑥_2_8,ｱｽﾞﾉｰﾙ錠2mg
グループ6⑥_2_2,ｱﾓｷｼｼﾘﾝｶﾌﾟｾﾙ250mg｢日医工｣
グループ7⑦_1_7,ｱﾛﾌﾟﾘﾉｰﾙ錠100mg｢ﾃﾊﾞ｣
グループ4⑩_1_8,ｱｶﾙﾎﾞｰｽOD錠50mg｢ﾌｧｲｻﾞｰ｣
グループ10④_1_1,ｴﾊﾟﾙﾚｽﾀｯﾄ錠50mg｢武田ﾃﾊﾞ｣
グループ2⑥_2_3,ｴﾝﾃｶﾋﾞﾙ錠0.5mg「YD」
グループ3⑩_2_4,ｱﾃﾉﾛｰﾙ錠25mg｢ﾌｧｲｻﾞｰ｣
グループ10⑩_2_1,ｳﾙｿﾃﾞｵｷｼｺｰﾙ酸錠100mg｢ｻﾜｲ｣
グループ11⑩_2_7,ｶﾙﾎﾞｼｽﾃｲﾝ錠250mg｢ｻﾜｲ｣
グループ3⑥_2_3,ｱｼﾞﾚｸﾄ錠0.5mg
グループ1⑧_1_8,ｴﾅﾗﾌﾟﾘﾙﾏﾚｲﾝ酸塩錠2.5mg｢ﾄｰﾜ｣  
グループ8⑩_1_6,ｱｾﾄｱﾐﾉﾌｪﾝ錠500mg｢ﾏﾙｲｼ｣
グループ8⑤_2_6,ｱｽﾄﾐﾝ錠10mg
グループ1③_2_2,ｴﾅﾗﾌﾟﾘﾙﾏﾚｲﾝ酸塩錠2.5mg｢ﾄｰﾜ｣  
グループ5⑨_2_0,ｲﾙﾍﾞｻﾙﾀﾝ錠100mg｢JG｣
グループ14⑧_1_5,ｸﾞﾘﾒﾋﾟﾘﾄﾞ錠1mg｢ﾀﾅﾍﾞ｣
グループ9⑥_1_1,ｴﾝﾃｶﾋﾞﾙ錠0.5mg「ﾀｶﾀ」
グループ10④_1_0,ｿﾞﾋﾟｸﾛﾝ錠7.5mg｢杏林｣
グループ11⑨_2_3,ｶﾙﾍﾞｼﾞﾛｰﾙ錠10mg｢ｻﾜｲ｣
グループ14⑤_1_2,ｾﾙﾄﾗﾘﾝ錠25mg｢YD｣
グループ9⑪_1_4,ｴﾙﾃﾞｶﾙｼﾄｰﾙｶﾌﾟｾﾙ0.75μg｢ｻﾜｲ｣
グループ6⑦_1_11,ｵﾛﾊﾟﾀｼﾞﾝ塩酸塩OD錠5mg｢日医工｣
グループ11⑥_2_7,ｶﾙﾌﾞﾛｯｸ錠8mg
グループ2⑦_1_10,ｳﾙｿﾃﾞｵｷｼｺｰﾙ酸錠100mg｢JG｣,ｾﾚﾈｰｽ錠0.75mg
グループ7⑪_2_1,ｱﾑﾛｼﾞﾋﾟﾝ錠2.5mg｢TCK｣
グループ9⑦_2_9,ｴｸﾒｯﾄ配合錠HD
グループ2⑪_1_2,ｵｰﾈｽSP配合ｶﾌﾟｾﾙ
グループ8③_1_2,ｱﾙｼﾞｵｷｻ錠100mg｢KN｣
グループ12③_2_1,ｼﾝﾊﾞｽﾀﾁﾝ錠10mg「杏林」
グループ10⑤_1_7,ｿﾞﾃﾋﾟﾝ錠100mg｢ﾀｶﾀ｣
グループ5⑤_2_7,ｲﾌｪﾝﾌﾟﾛｼﾞﾙ酒石酸塩錠10mg｢日医工｣
グループ3①_1_2,ｴﾅﾗﾌﾟﾘﾙﾏﾚｲﾝ酸塩錠5mg｢MEEK｣
グループ2⑪_1_3,ｳﾙｿ錠100mg
グループ3⑦_2_10,ｱﾃﾉﾛｰﾙ錠25mg｢日新｣
グループ10⑧_2_9,ｴﾋﾞﾘﾌｧｲ錠1mg
グループ3⑩_1_0,ｱｸﾄｽ錠15 
グループ7⑤_1_0,ｱｼﾞﾙﾊﾞ錠20mg,ｱｼﾞﾙﾊﾞ錠20mg
グループ6④_2_2,ｱﾑﾊﾞﾛ配合OD錠「ﾄｰﾜ」
グループ8②_1_0,ｱｿﾞｾﾐﾄﾞ錠30mg｢JG｣
グループ6②_2_3,ｵﾙﾒﾃｯｸOD錠5mg
グループ7①_2_2,ｱﾃﾉﾛｰﾙ錠25mg｢ﾄｰﾜ｣
グループ9⑦_2_3,ｴﾙﾃﾞｶﾙｼﾄｰﾙｶﾌﾟｾﾙ0.75μg｢ｻﾜｲ｣
グループ5⑪_2_3,ｵﾒﾌﾟﾗｿﾞｰﾙ腸溶錠10mg｢武田ﾃﾊﾞ｣
グループ7⑩_1_6,ｱﾛﾌﾟﾘﾉｰﾙ錠100mg｢ｻﾜｲ｣
グループ12⑦_2_11,ｼﾞｺﾞｷｼﾝ錠0.125mg｢AFP｣ 
グループ1⑨_1_0,ｴﾄﾄﾞﾗｸ錠200mg「日医工」
グループ10②_2_1,ｴﾅﾗﾌﾟﾘﾙﾏﾚｲﾝ酸塩錠10mg｢TCK｣
グループ10⑤_1_0,ｿﾞﾃﾋﾟﾝ錠25mg｢ﾖｼﾄﾐ｣
グループ1⑪_2_0,ｴﾊﾞﾐｰﾙ錠1.0
グループ6⑥_2_7,ｱﾚｸﾞﾗ錠60mg
グループ8⑥_1_5,ｱﾌﾟﾚｿﾞﾘﾝ錠10mg
グループ12⑩_2_1,ｼﾞｴﾉｹﾞｽﾄ錠1mg「F」
グループ1⑦_1_7,ｴﾁｿﾞﾗﾑ錠0.5mg「EMEC」
グループ5⑥_1_8,ｵｷｻﾄﾐﾄﾞ錠30mg｢CH｣
グループ6④_1_2,ｱｼﾞｽﾛﾏｲｼﾝ250mg｢ﾀｶﾀ｣
グループ4①_1_2,ｱｽﾊﾟﾗｶﾘｳﾑ錠300mg
グループ5⑥_1_2,ｵﾙｹﾃﾞｨｱ錠2mg
グループ13⑪_1_1,ｸﾛﾋﾟﾄﾞｸﾞﾚﾙ錠75mg｢SANIK｣,ｸﾛﾋﾟﾄﾞｸﾞﾚﾙ錠75mg｢SANIK｣
グループ3⑦_2_6,ｱｷﾈﾄﾝ錠1mg
グループ1⑤_1_7,ｴｽﾜﾝﾀｲﾎｳ配合OD錠T20
グループ1⑩_1_1,ｴﾎﾁｰﾙ錠5mg
グループ11⑨_2_5,ｶﾙﾌｨｰﾅ錠0.5μg(ﾏﾙﾎ)
グループ5④_2_1,ｵﾙﾒｻﾙﾀﾝ錠10mg「三和」,ｵﾙﾒｻﾙﾀﾝ錠10mg「三和」
グループ2⑦_2_17,ｵﾛﾊﾟﾀｼﾞﾝ塩酸塩錠5mg「NPI」
グループ10③_1_0,ｿﾀｺｰﾙ錠40mg
グループ4⑩_1_7,ｱｽﾊﾟﾗｶﾘｳﾑ錠300mg
グループ13⑥_2_0,ｸﾛﾌｨﾌﾞﾗｰﾄｶﾌﾟｾﾙ250mg｢ﾂﾙﾊﾗ｣,ｸﾛﾌｨﾌﾞﾗｰﾄｶﾌﾟｾﾙ250mg｢ﾂﾙﾊﾗ｣
グループ4⑤_2_8,ｱｶﾙﾎﾞｰｽOD錠50mg｢ﾌｧｲｻﾞｰ｣
グループ10⑦_2_2,ｴﾚﾄﾘﾌﾟﾀﾝ錠20mg｢TCK｣
グループ2⑧_2_1,ｴﾝﾃｶﾋﾞﾙ錠0.5mg「EE」
グループ12⑧_2_4,ｼﾙﾆｼﾞﾋﾟﾝ錠10mg｢ｻﾜｲ｣
グループ3⑤_2_2,ｱﾝﾌﾞﾛｷｿｰﾙ塩酸塩錠15mg｢ｻﾜｲ｣ 
グループ5⑩_1_0,ｵﾙﾒｻﾙﾀﾝOD錠40mg｢DSEP｣
グループ12①_1_0,ｼﾞﾋﾟﾘﾀﾞﾓｰﾙ錠25mg｢JG｣
グループ4⑨_1_3,ｲﾝﾃﾊﾞﾝSP25
グループ5⑪_1_0,ｵﾙﾒｻﾙﾀﾝ錠10mg「三和」
グループ6①_1_0,ｵﾙﾒｻﾙﾀﾝOD錠5mg｢日医工｣
グループ11⑤_2_7,ｶﾙﾎﾞｼｽﾃｲﾝ錠250mg｢ｻﾜｲ｣
グループ9⑩_2_4,ｴﾊﾟﾗｶﾌﾟｾﾙ300
グループ12⑧_1_3,ｼﾞﾋﾟﾘﾀﾞﾓｰﾙ錠25mg｢JG｣
グループ10⑪_1_6,ｿﾞﾃﾋﾟﾝ錠100mg｢ﾀｶﾀ｣
グループ10⑪_1_8,ｿﾞﾃﾋﾟﾝ錠100mg｢ﾀｶﾀ｣
グループ9⑦_1_3,ｴﾌｨｴﾝﾄOD錠20mg
グループ11⑥_1_4,ｶﾙﾌﾞﾛｯｸ錠8mg
グループ13⑪_2_3,ｸﾛﾋﾟﾄﾞｸﾞﾚﾙ錠75mg｢SANIK｣,ｸﾛﾋﾟﾄﾞｸﾞﾚﾙ錠75mg｢SANIK｣
グループ8⑥_1_6,ｱﾙﾌｧｶﾙｼﾄﾞｰﾙ0.25ug｢日医工｣
グループ10④_2_3,ｿﾞﾃﾋﾟﾝ錠100mg｢ﾀｶﾀ｣
グループ13⑩_1_0,ｸﾞﾘﾒﾋﾟﾘﾄﾞ錠1mg｢ｵｰﾊﾗ｣,ｸﾞﾘﾒﾋﾟﾘﾄﾞ錠1mg｢ｵｰﾊﾗ｣